,StartDate.rtmd,EndDate.rtmd,cc_inst_1,cc_inst_2,cc_inst_3,cc_inst_4,cc_inst_5,cc_inst_6,cc_inst_7,cc_inst_8,citizen.pre,eng_years.pre,math_grade,math_sat_1,rtmd_inst.pre,evo1_1,gw1_2,nat1_3,dty1_4,aft1_5,cre1_6,gw2_1,gw2_2,gw2_3,gw2_4,evo2_5,evo2_6,engage,aft2,aft3,dty2,dty3,cre2,cre3,nat2,life_inst,knwgbl,lifesty,nat_mil1_1,pni_inst,pni1,pni2,pni3,pni4,pni5,pni6,pni7,pni8,pni9,pni10,pni11,pni12,pni13,pni14,pni15,pni16,pni17,pni18,pni19,pni20,Status.rpp,StartDate.rpp,EndDate.rpp,Q4,Q6,Q8,Q10,Q51_1,Q51_2,Q53_1,Q48,Q50,Q16,us_born.pre,Q20,Q22,Q24,us_years.pre,Q28,Q30,native_lang,Q34,Q59.1,Q36,Q38,first.lang.parents,gender.pre,Q44,Q46,Q48.1,Q50.1,Q52,Q54,party.pre,Q58.1,social.cons,econ.cons,faith.pre,Q64,Q66_1,Q66_2,Q66_3,Q66_4,Q66_5,Q66_6,Q66_7,Q66_8,Q66_9,Q66_10,Q66_11,Q66_12,Q66_13,Q66_14,Q66_15,Q66_16,Q66_17,Q66_18,Q66_19,Q66_20,Q66_21,Q66_22,Q66_23,Q66_24,Q66_25,Q66_26,Q66_27,Q66_28,Q66_29,Q66_30,Q66_31,Q66_32,Q66_33,Q66_34,Q68,Q70,Q72,Q53_4,Q53_5,Q53_6,Q53_2,Q53_3,StartDate.study,EndDate.study,k1time_pre_1,k1time_pre_2,k1time_pre_3,k1time_pre_4,k2time_pre_1,k2time_pre_2,k2time_pre_3,k2time_pre_4,k3time_pre_1,k3time_pre_2,k3time_pre_3,k3time_pre_4,knwgbl_pre,desc_time_1,desc_time_2,desc_time_3,desc_time_4,surprise,surprise.1,new_forg,lt_in_pst,lt_out_pst,k1time_pst_1,k1time_pst_2,k1time_pst_3,k1time_pst_4,k2time_pst_1,k2time_pst_2,k2time_pst_3,k2time_pst_4,k3time_pst_1,k3time_pst_2,k3time_pst_3,k3time_pst_4,knwgbl_pst,rtmd_inst.study,evo1_1_pst,gw1_2_pst,nat1_3_pst,dty1_4_pst,aft1_5_pst,cre1_6_pst,gw2_1_pst,gw2_2_pst,gw2_3_pst,gw2_4_pst,evo2_5_pst,evo2_6_pst,engage_pst,aft2_pst,aft3_pst,dty2_pst,dty3_pst,cre2_pst,cre3_pst,nat2_pst,inst.1,lifsty_pst,natmil_pst_1,gender.study,citizen.study,us_born.study,english,party.study,conservati,faith.study
1,2012-05-21 15:59:00,2012-05-21 16:06:00,NA,1,NA,NA,NA,NA,NA,NA,y,NA,1,690,1,6,3,2,7,8,2,3,7,6,8,4,8,NA,8,8,8,7,8,5,1,1,6,6,4,1,7,2,8,8,3,7,3,2,6,8,7,3,7,3,3,8,2,1,8,8,0,2012-05-21 15:53:00,2012-05-21 15:58:00,1,3.2,3,2,2,2,5,3,2,2,y,CA,95131,,,3,18,English,11,,NA,NA,NA,female,64,127,4,,8,1,democrat,,3,4,catholic,Presbyterian,NA,NA,NA,NA,1,NA,NA,NA,NA,NA,NA,NA,NA,NA,NA,NA,NA,1,NA,NA,NA,NA,NA,NA,NA,NA,NA,NA,NA,NA,NA,NA,NA,NA,,17,5,3,1,1,2,1,2012-06-14 08:48:00,2012-06-14 09:34:00,5.876,312.465,318.434,19,67.153,71.331,107.038,2,83.492,165.196,166.199,7,6,206.313,263.026,278.728,2,7,5,5,visible,infrared,87.68,261.06,327.624,3,1.307,1.307,45.961,1,1.31,37.284,118.913,2,7,1,7,8,2,7,8,6,4,8,8,8,6,7,8,8,8,8,5,7,4,2,1,7,4,female,y,y,y,democrat,3,protestant / other christian
2,2012-05-21 16:00:00,2012-05-21 16:07:00,NA,NA,NA,NA,NA,NA,NA,NA,n,NA,1,791,1,9,7,5,1,1,1,4,7,8,7,3,9,6,1,2,1,1,1,1,3,1,5,5,2,1,4,4,4,8,3,8,5,3,7,6,7,6,8,3,3,8,3,3,6,7,0,2012-05-21 15:53:00,2012-05-21 15:59:00,3,3.88,5,1,2,2,2,6,NA,1,n,,NA,Singapore,1,3,21,English,10,,NA,NA,NA,male,70,171,1,,8,1,democrat,,2,4,atheist,,NA,NA,NA,NA,1,NA,NA,NA,NA,NA,NA,NA,NA,NA,NA,NA,NA,NA,NA,NA,NA,NA,NA,NA,NA,NA,NA,NA,NA,NA,NA,NA,NA,NA,,4,5,1,1,1,2,1,2012-06-12 17:19:00,2012-06-12 17:35:00,1.228,77.995,78.665,7,2.342,46.549,82.871,5,0.771,52.928,53.632,7,5,3.748,146.813,148.105,70,1,2,5,visible,infrared,1.018,62.407,96.543,8,1.758,42.784,53.99,4,1.088,33.46,56.748,2,6,1,9,8,1,1,1,1,4,7,8,7,8,9,6,8,1,1,1,1,1,1,1,6,3,male,n,n,y,libertarian,3,atheist
3,2012-05-21 17:31:00,2012-05-21 17:40:00,NA,1,NA,NA,NA,NA,NA,NA,y,NA,3,770,1,5,7,5,9,9,9,5,5,6,5,4,5,5,5,9,9,5,9,9,5,1,5,4,13,1,7,5,6,6,5,5,5,5,5,5,5,5,5,5,4,6,5,5,4,5,0,2012-05-21 16:37:00,2012-05-21 17:31:00,1,2.5,5,3,2,3,6,3,2,2,y,CA,94066,,,2,19,English,11,,NA,NA,NA,female,63,120,1,,8,1,republican,,5,5,catholic,Latter-Day Saint (Mormon),NA,NA,NA,NA,1,NA,NA,NA,NA,1,1,1,NA,NA,NA,NA,NA,NA,NA,NA,NA,NA,NA,NA,NA,NA,NA,NA,NA,NA,NA,NA,NA,NA,,4,5,1,1,1,1,1,2012-06-04 10:49:00,2012-06-04 11:31:00,3.336,152.719,154.452,2,51.354,83.269,110.272,5,7.024,7.024,35.496,1,2,0,0,373.474,0,2,3,5,uv,infrared,1.617,1.617,73.8,1,6.25,6.25,49.002,1,1.517,1.517,13.2,1,3,1,5,5,5,9,9,9,3,5,4,5,5,5,5,9,9,9,3,9,7,5,1,2,20,female,y,y,y,republican,7,other
4,2012-05-22 11:15:00,2012-05-22 11:25:00,NA,NA,NA,NA,NA,NA,NA,NA,y,24,1,666,1,8,6,7,1,2,1,5,7,4,8,7,8,8,2,1,1,1,1,2,3,1,6,7,0,1,5,3,5,7,4,5,3,5,5,5,6,7,7,4,3,7,3,4,5,5,0,2012-05-22 10:53:00,2012-05-22 11:13:00,1,3,5,4,1,1,5,NA,4,1,y,CA,92057,,,3,24,Spanish,9,24,5,2,6,female,68 inches,130 pounds,5,questioning,8,3,democrat,,3,2,spiritual but not religious,,NA,NA,NA,NA,NA,NA,NA,NA,NA,NA,NA,NA,NA,NA,NA,NA,NA,NA,NA,NA,NA,NA,NA,NA,1,1,NA,NA,NA,NA,NA,NA,NA,NA,,22,5,1,1,1,1,1,2012-06-12 16:08:00,2012-06-12 16:36:00,4.486,135.155,229.379,9,2.278,3.323,75.789,2,1.185,28.724,80.172,2,3,154.074,191.42,207.765,7,1,2,7,visible,infrared,4.413,198.235,199.708,7,9.608,9.608,78.886,1,1.573,33.529,34.613,2,7,1,8,8,7,5,2,1,9,8,4,6,9,6,7,2,2,4,2,2,1,5,1,8,0,female,y,y,y,democrat,4,agnostic
5,2012-05-22 13:31:00,2012-05-22 13:44:00,NA,NA,NA,NA,NA,NA,NA,NA,y,15,1,800,1,7,9,6,3,9,1,7,8,6,9,8,8,6,7,6,1,3,1,1,3,1,7,7,10,1,9,7,9,8,3,8,3,4,3,9,9,5,9,2,1,9,5,1,8,8,0,2012-05-22 13:23:00,2012-05-22 13:31:00,1,3.575,4,2,1,3,3,NA,NA,3,y,CA,91737,,,3,18,Mandarin Chinese,11,15,5,2,6,female,68,125,1,,4,1,none,,4,4,buddhist,,NA,NA,NA,NA,NA,NA,1,NA,NA,NA,NA,NA,NA,NA,NA,NA,1,NA,NA,NA,NA,NA,NA,NA,NA,NA,NA,NA,NA,NA,NA,NA,NA,NA,,16,5,2,1,1,1,1,2012-06-14 10:30:00,2012-06-14 10:43:00,1.078,11.463,75.845,3,1.039,31.865,79.581,3,1.223,7.189,24.962,2,5,0,0,4.428,0,3,5,8,visible,invisible,1.062,52.62,53.201,2,1.124,15.541,39.197,4,0.82,0.82,57.448,1,5,1,8,8,4,5,9,1,5,7,6,8,8,7,3,8,2,2,2,2,1,2,1,5,9,female,y,y,n,none,5,buddhist
6,2012-05-22 14:38:00,2012-05-22 14:45:00,NA,NA,NA,NA,NA,NA,NA,NA,y,NA,2,699,1,8,3,7,5,5,2,3,1,3,3,9,9,5,5,5,5,2,5,3,3,1,7,2,9,1,7,2,8,7,3,8,3,2,3,8,5,5,7,3,2,8,3,2,8,7,0,2012-05-22 14:30:00,2012-05-22 14:38:00,1,3,3,4,1,1,4,2,5,1,y,CA,94587,N/A,N/A,3,20,Vietnamese,9,16,5,3,4,male,67 inches,160,1,N/A,8,1,independent,N/A,2,6,other,N/A,NA,NA,NA,NA,1,NA,NA,NA,NA,NA,NA,NA,NA,NA,NA,NA,NA,1,NA,NA,NA,NA,NA,NA,NA,NA,NA,NA,NA,NA,NA,NA,NA,NA,N/A,17,5,3,1,2,1,1,2012-06-02 18:05:00,2012-06-02 18:27:00,1.387,72.469,83.526,3,32.106,32.106,139.913,1,6.462,6.462,62.824,1,5,0,0,178.158,0,1,1,9,infrared,visible,1.54,1.54,50.586,1,0.962,0.962,39.598,1,1.166,1.166,38.185,1,5,1,9,3,7,5,7,1,3,3,3,3,9,9,7,7,7,6,1,5,1,3,1,3,6,male,y,y,y,democrat,4,decline to state
7,2012-05-22 18:22:00,2012-05-22 18:28:00,NA,NA,NA,NA,NA,NA,NA,NA,y,NA,3,800,1,7,7,8,1,1,1,4,8,5,6,8,9,5,2,1,3,5,8,1,5,1,3,5,3,1,5,3,5,5,5,5,5,5,5,8,8,5,5,5,5,5,5,6,8,5,0,2012-05-22 18:12:00,2012-05-22 18:21:00,1,2.7,5,4,3,2,6,5,5,3,y,CA,90066,,,3,22,English,11,,NA,NA,NA,male,68,120,1,,8,1,none,,2,2,atheist,,NA,NA,NA,NA,NA,NA,NA,NA,NA,NA,1,NA,NA,NA,NA,NA,NA,NA,NA,NA,NA,NA,NA,NA,NA,NA,NA,NA,NA,NA,NA,NA,NA,NA,,10,5,NA,3,NA,NA,3,2012-06-13 13:32:00,2012-06-13 13:51:00,21.466,21.466,28.662,1,67.994,162.798,165.815,3,3.493,35.053,35.43,2,3,2.248,3.333,3.634,2,5,7,5,UV,UV,49.643,49.643,61.611,1,2.496,15.815,16.196,4,1.225,4.967,5.29,3,2,1,4,7,5,2,6,7,4,5,6,5,4,7,2,2,3,1,5,5,2,4,1,7,33,male,y,y,y,none,2,atheist
8,2012-05-22 19:22:00,2012-05-22 19:30:00,NA,1,NA,NA,NA,NA,NA,NA,n,10,1,761,1,4,6,1,5,6,3,6,7,7,6,3,8,6,5,3,3,5,4,2,1,1,5,5,NA,1,7,6,7,8,2,7,2,4,3,7,7,4,7,3,3,7,7,3,7,7,0,2012-05-22 19:16:00,2012-05-22 19:22:00,1,3.7,5,2,3,4,4,6,6,4,n,,NA,Korea,5,3,20,Korean,11,10,4,1,6,female,62.4,118,1,,7,1,none,,4,4,agnostic,,NA,NA,NA,NA,1,NA,NA,NA,NA,NA,NA,NA,NA,NA,NA,NA,NA,NA,NA,NA,NA,NA,NA,NA,NA,NA,NA,NA,NA,NA,NA,NA,NA,NA,,4,6,1,1,1,1,1,2012-06-17 20:37:00,2012-06-17 20:54:00,1.458,154.923,189.092,5,0.754,0.754,125.324,1,2.556,2.556,77.17,1,5,0,0,101.441,0,1,1,7,visible,infrared,3.347,3.347,50.673,1,0.788,0.788,47.974,1,0.746,0.746,36.32,1,6,1,5,7,1,5,7,2,5,7,7,7,4,9,7,7,5,5,1,7,1,1,1,6,0,female,n,n,n,none,5,spiritual but not religious
9,2012-05-22 19:43:00,2012-05-22 19:48:00,NA,NA,NA,NA,NA,NA,NA,NA,y,NA,NA,720,1,6,6,4,5,5,3,6,5,6,6,7,7,7,6,5,5,3,4,3,3,1,3,3,6,1,4,5,5,7,4,5,6,4,6,5,5,7,6,5,5,5,5,5,4,4,0,2012-05-22 19:37:00,2012-05-22 19:43:00,1,3.87,5,4,3,3,8,8,8,4,y,CA,94403,,,2,20,English,11,,NA,NA,NA,female,62 inches,135 pounds,1,,7,1,democrat,,2,4,agnostic,,NA,NA,NA,NA,1,NA,NA,NA,NA,NA,1,NA,NA,NA,NA,NA,NA,NA,NA,NA,NA,NA,NA,NA,NA,NA,NA,NA,NA,NA,NA,NA,NA,NA,,10,5,3,1,1,2,1,2012-06-12 15:55:00,2012-06-12 16:10:00,1.617,74.821,99.805,3,0.963,2.362,34.772,2,1.249,1.249,21.114,1,2,0,0,142.885,0,3,8,2,Forgot,Infrared,0.914,43.503,76.871,4,1.698,1.698,30.898,1,1.095,33.797,38.151,3,3,1,7,7,3,5,5,3,6,6,7,7,7,8,6,7,5,5,2,4,3,3,1,3,5,female,y,y,y,democrat,3,agnostic
10,2012-05-22 21:12:00,2012-05-22 21:20:00,NA,NA,NA,NA,NA,NA,NA,NA,y,9,1,NA,1,8,6,6,5,1,1,6,6,4,8,9,9,6,3,2,3,1,7,2,5,1,3,3,10,1,4,1,4,7,1,6,3,3,3,4,5,7,8,1,3,8,2,2,6,3,0,2012-05-22 21:01:00,2012-05-22 21:10:00,1,4,2,3,4,4,3,6,NA,2,n,,NA,Ukraine,10,3,32,Russian,10,9,4,1,6,female,66,128,1,,8,2,none,,1,1,agnostic,,NA,NA,NA,NA,NA,NA,NA,NA,NA,NA,NA,NA,NA,NA,NA,NA,NA,NA,NA,NA,1,NA,NA,NA,NA,NA,NA,NA,NA,NA,NA,NA,NA,NA,,19,5,3,1,3,3,1,2012-06-12 14:10:00,2012-06-12 14:40:00,2.303,214.868,218.621,8,18.725,18.725,101.726,1,16.819,157.716,169.53,4,2,0,0,186.125,0,2,1,3,visible,infrared,4.37,300.483,312.446,17,20.432,20.432,24.644,1,8.722,8.722,36.396,1,4,1,8,7,5,5,5,1,7,7,6,7,7,7,6,3,1,2,1,5,3,3,1,3,10,female,y,n,n,none,2,agnostic
11,2012-05-22 22:01:00,2012-05-22 22:09:00,NA,NA,NA,NA,NA,NA,NA,NA,n,17,2,710,1,8,7,7,9,8,5,4,8,8,7,8,7,8,9,9,8,5,8,5,3,1,7,6,3,1,5,3,6,8,2,5,3,5,3,7,4,8,7,2,2,6,3,2,5,7,0,2012-05-22 21:53:00,2012-05-22 22:01:00,1,3.5,3,1,3,3,2,3,3,2,n,,92336,Philippines,8,2,19,Tagalog,11,17,5,6,4,male,65,145,1,,6,1,democrat,,4,4,catholic,Roman Catholic,NA,NA,NA,NA,NA,NA,NA,1,NA,NA,NA,NA,NA,1,NA,NA,NA,NA,NA,NA,NA,NA,NA,NA,NA,NA,NA,NA,NA,NA,NA,NA,NA,NA,,7,6,2,1,1,1,1,2012-06-12 11:55:00,2012-06-12 12:19:00,1.249,155.497,202.402,3,24.259,161.55,213.664,2,1.038,1.038,77.09,1,8,184.931,184.931,186.177,1,1,1,9,visible,infrared,0.952,99.332,101.066,6,0.962,74.236,85.689,5,0.809,0.809,38.918,1,9,1,7,6,8,7,7,5,4,8,8,7,7,9,7,7,9,8,5,5,3,4,1,5,3,male,n,n,n,democrat,5,catholic
12,2012-05-22 22:40:00,2012-05-22 22:48:00,NA,NA,NA,NA,NA,NA,NA,NA,y,11,4,780,1,3,6,1,1,2,1,2,5,3,7,5,9,5,2,2,2,1,3,2,1,1,7,3,2,1,5,5,6,7,2,7,1,5,5,5,8,5,9,2,5,7,5,1,5,5,0,2012-05-22 22:32:00,2012-05-22 22:39:00,1,2.9,4,2,1,1,3,1,2,1,y,CA,94303,,,3,19,spanish,11,11,5,1,6,male,165,180,1,,7,1,none,,4,4,catholic,catholic,NA,NA,NA,NA,NA,NA,NA,NA,NA,NA,NA,NA,NA,NA,NA,NA,NA,NA,NA,NA,NA,NA,NA,NA,1,1,NA,NA,NA,NA,NA,NA,NA,NA,,22,5,3,NA,NA,3,NA,2012-06-04 12:31:00,2012-06-04 13:08:00,2.281,345.529,454.029,4,29.282,96.544,279.806,3,13.733,13.733,59.71,1,3,0,0,156.284,0,2,5,8,visible,infrared,13.468,197.047,244.591,3,3.466,3.466,60.659,1,13.079,22.674,57.005,2,4,1,7,5,2,2,1,2,5,7,2,5,5,9,2,2,2,3,2,8,1,1,1,1,2,male,y,y,n,none,5,catholic
13,2012-05-23 01:31:00,2012-05-23 01:37:00,NA,NA,NA,NA,NA,NA,NA,NA,y,NA,1,NA,1,8,5,8,7,6,2,4,5,4,4,9,9,6,7,6,3,7,6,1,7,1,2,4,3,1,8,2,8,9,1,7,1,3,2,7,7,7,9,2,2,8,2,1,6,7,0,2012-05-23 01:25:00,2012-05-23 01:31:00,1,3.9,5,4,4,4,8,6,6,4,y,CA,91377,N/A,N/A,2,20,English,11,N/A,NA,NA,NA,female,68,127,1,,5,1,democrat,,2,2,hindu,Reform Judaism,NA,NA,NA,NA,NA,NA,NA,NA,NA,NA,NA,NA,NA,NA,NA,NA,NA,NA,NA,1,1,NA,NA,1,NA,NA,NA,NA,NA,NA,NA,NA,NA,NA,Simply Caucasian,18,6,1,1,2,1,1,2012-06-02 19:11:00,2012-06-02 23:04:00,1.699,75.919,79.741,2,14.264,89.221,91.536,3,40.739,126.294,128.658,2,1,19.124,36.75,38.87,3,4,8,2,visible,infrared,1.395,30.026,72.924,5,4.751,4.751,49.144,1,51.255,164.498,166.287,4,7,1,8,5,8,7,3,1,3,3,1,6,9,9,6,4,5,3,9,6,2,6,1,4,2,female,y,y,y,democrat,2,jewish
14,2012-05-23 10:41:00,2012-05-23 10:46:00,NA,NA,NA,NA,NA,NA,NA,NA,y,NA,1,721,1,7,8,5,5,5,5,8,9,5,8,7,9,6,6,6,7,5,5,2,3,1,5,5,5,1,5,3,5,6,5,5,4,3,5,7,6,6,5,4,3,6,5,5,6,6,0,2012-05-23 10:36:00,2012-05-23 10:40:00,1,3.97,5,3,3,3,7,7,7,4,y,ca,92677,,,3,19,english,11,,NA,NA,NA,female,64,120,1,,5,1,none,,3,4,muslim,,NA,NA,NA,NA,NA,NA,NA,NA,NA,NA,NA,NA,NA,NA,NA,NA,NA,NA,NA,NA,NA,1,NA,NA,NA,NA,NA,NA,NA,NA,NA,NA,NA,NA,,20,4,3,1,1,1,1,2012-06-14 17:13:00,2012-06-14 17:28:00,26.686,26.686,67.344,1,26.675,26.675,62.87,1,3.025,17.46,62.305,2,5,0,0,113.527,0,1,1,9,visibile,infrared,7.965,7.965,80.914,1,3.771,26.115,26.518,2,1.407,1.407,28.899,1,5,1,7,7,5,5,5,5,7,7,7,7,7,7,5,6,5,5,3,5,3,1,1,5,9,female,y,y,y,democrat,3,spiritual but not religious
15,2012-05-23 12:05:00,2012-05-23 12:13:00,NA,NA,NA,NA,NA,NA,NA,NA,y,NA,3,525,1,4,9,8,7,9,3,6,8,8,8,4,4,7,9,9,7,7,8,8,3,1,5,7,10,1,5,6,6,7,6,5,6,4,6,4,7,7,7,6,6,7,4,3,4,4,0,2012-05-23 11:54:00,2012-05-23 12:04:00,1,3,5,2,2,3,8,7,6,4,y,CA,95125,,,1,19,English,11,,NA,NA,NA,female,59,115,1,,8,1,democrat,,4,4,catholic,,NA,NA,NA,NA,NA,NA,NA,NA,NA,NA,NA,NA,NA,NA,NA,NA,NA,NA,NA,1,NA,1,NA,1,NA,NA,NA,NA,NA,NA,NA,NA,NA,NA,,20,7,3,1,1,1,1,2012-06-13 20:29:00,2012-06-13 21:22:00,14.158,201.003,405.349,11,36.944,36.944,126.418,1,14.097,14.097,19.544,1,4,12.729,98.274,237.859,2,8,5,3,visible,infrared,9.096,9.096,177.188,1,14.87,14.87,18.785,1,7.856,7.856,29.777,1,7,1,6,8,7,8,8,3,7,8,7,8,4,7,7,8,8,4,4,7,7,3,1,7,5,female,y,y,y,democrat,5,spiritual but not religious
16,2012-05-23 16:01:00,2012-05-23 16:12:00,NA,NA,NA,NA,NA,NA,NA,NA,y,NA,2,590,1,9,4,6,6,7,1,3,5,4,7,8,9,6,7,7,4,1,6,1,5,1,2,2,3,1,7,3,5,7,3,4,3,4,7,7,7,7,8,4,4,7,4,2,5,4,0,2012-05-23 15:54:00,2012-05-23 16:00:00,1,3.6,2,4,2,3,7,NA,6,4,y,CA,95117,,,1,22,English,11,,NA,NA,NA,male,68,151,1,,8,1,democrat,,2,4,muslim,,NA,NA,NA,NA,NA,NA,NA,NA,NA,NA,NA,NA,NA,NA,NA,NA,NA,NA,NA,1,1,1,NA,NA,NA,NA,NA,NA,NA,NA,NA,NA,1,NA,,18,5,3,3,2,1,1,2012-06-02 16:04:00,2012-06-02 16:19:00,4.419,59.898,92.524,3,36.213,36.213,76.269,1,13.446,13.446,44.151,1,2,0,0,189.782,0,1,1,3,visible,infrared,5.698,30.898,84.988,3,6.206,6.206,10.568,1,3.808,3.808,29.834,1,3,1,9,5,7,7,7,1,4,6,4,6,9,9,3,7,6,4,1,7,1,6,1,6,3,male,y,y,y,democrat,3,spiritual but not religious
17,2012-05-23 20:13:00,2012-05-23 20:35:00,NA,NA,NA,NA,NA,NA,NA,NA,y,NA,1,800,1,9,6,9,1,1,1,3,7,2,5,9,9,2,1,1,1,3,1,1,2,1,4,1,0,1,8,3,9,6,2,9,2,2,3,8,7,1,9,1,4,7,4,2,8,6,0,2012-05-23 19:58:00,2012-05-23 20:09:00,2,3.69,5,3,4,4,1,4,2,1,y,CA,94112,n/a,n/a,1,20,English,11,n/a,NA,NA,NA,male,72,180,1,,8,1,libertarian,,2,6,atheist,n/a,NA,NA,NA,NA,NA,NA,NA,NA,NA,NA,NA,NA,NA,NA,NA,NA,NA,NA,NA,1,NA,1,NA,NA,NA,NA,NA,NA,NA,NA,NA,NA,NA,NA,,20,7,2,1,1,1,1,2012-06-03 21:16:00,2012-06-03 21:47:00,2.995,2.995,91.53,1,14.004,96.844,97.285,2,5.94,89.749,133.078,2,7,0,0,99.889,0,3,2,7,visible,infrared,6.441,113.425,143.211,6,4.097,130.313,134.338,8,2.164,2.164,42.27,1,7,1,8,6,7,2,2,1,4,7,3,6,9,9,6,3,2,1,2,2,1,3,1,1,0,male,y,y,y,libertarian,7,atheist
18,2012-05-23 22:19:00,2012-05-23 22:26:00,NA,NA,NA,NA,NA,NA,NA,NA,y,15,1,720,1,1,8,2,9,9,9,6,6,6,6,1,5,1,9,9,9,9,9,9,1,1,2,3,100,1,8,1,5,9,6,3,NA,2,4,9,6,1,4,6,2,6,1,1,5,9,0,2012-05-23 22:12:00,2012-05-23 22:19:00,1,3.42,5,2,2,1,1,2,2,2,y,CA,95758,,,3,19,Chinese,10,15,5,2,2,female,59,124,1,,8,1,democrat,,3,3,catholic,Non-denominational,NA,NA,NA,NA,1,1,NA,NA,NA,NA,NA,NA,NA,NA,NA,NA,NA,NA,NA,NA,NA,NA,NA,NA,NA,NA,NA,NA,NA,NA,NA,NA,NA,NA,,6,7,2,1,1,1,1,2012-06-14 13:10:00,2012-06-14 13:29:00,2.81,158.295,177.301,6,3.923,39.221,57.329,6,37.189,37.189,47.017,1,2,113.231,122.027,144.895,7,1,1,8,visible,infrared,1.118,3.908,63.178,2,1.803,3.093,11.338,2,1.948,19.678,33.453,2,4,1,4,8,3,9,9,9,7,7,6,7,5,5,6,8,9,9,8,9,8,1,1,5,5,female,y,y,n,none,5,protestant / other christian
19,2012-05-23 23:16:00,2012-05-23 23:21:00,NA,NA,NA,NA,NA,NA,NA,NA,y,NA,NA,630,1,7,7,5,9,9,3,6,7,4,7,7,7,6,7,9,9,9,9,1,3,1,3,5,51,1,6,6,4,5,3,5,4,3,6,6,5,6,7,6,3,9,3,3,4,4,0,2012-05-23 23:09:00,2012-05-23 23:15:00,1,3,5,4,3,3,3,NA,NA,2,y,CA,90020,,,3,20,English,8,,NA,NA,NA,female,64.8,135,1,,4,1,none,,4,4,catholic,charismatic,NA,NA,NA,NA,1,NA,NA,NA,NA,NA,NA,1,NA,NA,NA,NA,NA,NA,NA,NA,NA,NA,NA,NA,NA,NA,NA,NA,NA,NA,NA,NA,NA,NA,,4,5,3,3,NA,NA,NA,2012-06-12 14:18:00,2012-06-12 14:43:00,1.761,1.761,125.827,1,20.032,20.032,44.712,1,8.835,8.835,43.555,1,3,384.294,385.365,401.91,2,4,7,4,visible,infrared,5.325,58.228,140.531,6,3.336,3.336,33.601,1,2.343,2.343,26.68,1,5,1,8,8,2,9,9,2,9,8,7,8,9,8,4,6,9,9,9,9,1,1,1,5,20,female,y,y,y,republican,5,protestant / other christian
20,2012-05-24 00:58:00,2012-05-24 01:12:00,NA,NA,NA,NA,NA,NA,NA,NA,n,21,2,676,1,6,7,8,9,9,5,3,7,8,7,5,2,9,1,9,9,9,9,9,6,1,6,8,0,1,8,2,8,7,2,7,2,7,3,8,8,3,8,3,2,8,6,2,6,6,0,2012-05-24 00:15:00,2012-05-24 00:56:00,3,3.5,5,2,3,3,6,7,7,4,n,,NA,Pakistan,2 Years,3,21,Urdu,11,21,5,4,3,male,69,134,1,,8,1,none,,2,2,jewish,Shia,NA,NA,NA,NA,NA,NA,NA,NA,NA,NA,NA,NA,NA,NA,1,NA,NA,NA,NA,NA,NA,NA,NA,NA,NA,NA,NA,NA,NA,NA,NA,NA,NA,NA,,14,7,2,1,1,1,1,2012-06-14 05:56:00,2012-06-14 06:30:00,11.357,11.357,153.676,1,32.354,176.302,199.925,6,8.312,8.312,113.097,1,7,0,0,174.527,0,2,2,8,infrared,visible,10.719,10.719,86.317,1,9.245,9.245,74.484,1,1.918,1.918,20.503,1,8,1,7,6,9,9,8,7,3,6,7,7,3,2,8,1,9,9,9,9,7,4,1,7,9,male,n,n,y,none,2,muslim
21,2012-05-24 07:26:00,2012-05-24 07:41:00,NA,NA,NA,NA,NA,NA,NA,NA,n,22,2,651,1,7,7,4,5,5,4,4,7,8,6,5,5,5,4,5,4,5,5,4,5,1,4,5,5,1,5,5,7,6,4,3,5,5,6,6,6,6,6,5,3,7,6,4,4,6,0,2012-05-24 07:11:00,2012-05-24 07:23:00,1,3.92,5,3,2,2,4,4,4,3,n,,NA,Singapore,23,3,23,"english, mandarin",9,22,NA,NA,NA,male,68.7,176,1,,7,1,decline to state,,4,4,buddhist,,NA,NA,NA,NA,1,NA,1,NA,NA,NA,NA,NA,NA,NA,NA,NA,NA,NA,NA,NA,NA,NA,NA,NA,NA,NA,NA,NA,NA,NA,NA,NA,NA,NA,,6,6,1,1,1,1,1,2012-06-12 16:24:00,2012-06-12 16:50:00,1.599,189.546,265.455,9,1.115,101.955,133.078,3,1.575,1.575,53.909,1,4,110.833,110.833,120.583,1,4,4,5,visible,infrared,9.22,65.771,70.95,2,1.981,1.981,84.995,1,0.977,78.57,85.356,3,6,1,7,7,4,5,5,3,4,9,7,7,6,7,6,5,5,5,5,5,3,5,1,5,3,male,n,n,y,none,5,buddhist
22,2012-05-24 10:15:00,2012-05-24 10:55:00,NA,NA,NA,NA,NA,NA,NA,NA,n,NA,1,NA,1,9,8,5,6,3,1,8,8,4,8,7,9,6,4,3,2,3,2,2,3,1,7,5,0,1,6,3,6,7,4,7,3,3,5,7,7,3,6,4,3,7,3,2,7,6,0,2012-05-24 08:59:00,2012-05-24 10:09:00,1,3.73,5,3,2,4,8,9,8,5,n,,NA,Singapore,,3,21,English (British),11,,NA,NA,NA,female,164,25,1,,6,1,none,,2,2,atheist,,NA,NA,NA,NA,NA,NA,1,NA,NA,NA,NA,NA,NA,NA,NA,NA,NA,NA,NA,NA,NA,NA,NA,NA,NA,NA,NA,NA,NA,NA,NA,NA,NA,NA,,4,6,1,1,1,1,1,2012-06-12 16:00:00,2012-06-12 16:17:00,2.119,135.865,163.678,2,3.884,111.76,116.788,12,3.371,33.339,39.602,4,7,28.452,28.452,32.226,1,1,1,9,infrared rays,radiation,1.543,123.43,151.507,2,11.735,20.951,40.881,2,1.489,1.489,24.212,1,7,1,9,7,1,7,4,1,4,7,6,7,9,9,6,6,3,1,1,1,1,2,1,5,2,female,n,n,y,none,3,atheist
23,2012-05-24 11:52:00,2012-05-24 12:06:00,NA,NA,NA,NA,NA,NA,NA,NA,y,NA,2,656,1,9,9,7,1,1,1,9,9,8,9,9,9,5,1,1,1,1,1,1,5,1,6,7,NA,1,4,4,5,5,5,5,6,6,8,2,7,8,8,6,6,6,5,6,2,3,0,2012-05-24 11:42:00,2012-05-24 11:51:00,2,3.74,3,4,2,2,NA,7,7,3,y,FL,33040,,,1,58,English,11,,5,NA,NA,female,"5'6""",127,1,,4,1,democrat,,4,4,spiritual but not religious,Advaita,NA,NA,NA,NA,NA,NA,NA,NA,NA,NA,NA,NA,NA,NA,NA,NA,NA,NA,NA,1,NA,NA,NA,NA,NA,NA,NA,NA,NA,NA,NA,NA,NA,NA,,18,4,3,3,1,2,1,2012-06-16 15:06:00,2012-06-16 16:12:00,12.258,385.187,390.469,10,13.831,13.831,147.355,1,7.983,128.264,149.829,5,5,0,0,193.176,0,1,5,7,full spectrum,infrared,7.709,134.205,144.755,6,13.738,132.571,141.556,2,8.214,40.017,51.071,3,6,1,9,9,5,1,1,1,9,9,9,9,9,9,5,1,1,1,1,1,1,3,1,5,0,female,y,y,y,independent,5,buddhist
24,2012-05-24 12:13:00,2012-05-24 12:32:00,NA,NA,NA,NA,NA,NA,NA,1,y,NA,2,651,1,8,7,5,1,2,1,7,9,7,7,8,9,6,3,1,1,1,2,1,3,1,7,7,5,1,3,5,3,6,4,3,6,6,8,2,6,9,6,6,4,7,4,3,4,3,0,2012-05-24 12:06:00,2012-05-24 12:12:00,1,3.4,4,1,4,NA,8,7,7,4,y,CA,94705,,,1,19,english,11,,NA,NA,NA,female,71,130,1,,4,1,democrat,,2,3,atheist,,NA,NA,NA,NA,NA,NA,NA,NA,NA,NA,NA,NA,NA,NA,NA,NA,NA,NA,NA,NA,1,NA,NA,NA,NA,NA,NA,NA,NA,NA,NA,NA,NA,NA,,19,5,2,2,1,1,1,2012-06-18 12:16:00,2012-06-18 20:07:00,66.303,245.109,248.371,5,53.101,236.661,902.445,3,15005.219,16380.139,16381.888,8,5,0,0,18.363,0,1,8,9,ultra violet,radiant,12.696,12.696,114.173,1,6723.925,6723.925,6733.024,1,3.576,3.576,43.384,1,6,1,9,9,5,2,1,1,6,9,7,8,9,9,6,2,1,1,1,1,1,2,1,7,5,female,y,y,y,democrat,2,atheist
25,2012-05-24 15:15:00,2012-05-24 15:21:00,NA,NA,NA,NA,NA,NA,NA,NA,y,14,1,581,1,7,7,7,7,7,5,4,7,7,6,8,8,7,7,8,8,6,5,5,4,1,5,6,10,1,7,4,7,7,3,6,4,3,4,7,6,6,7,4,4,7,5,7,7,7,0,2012-05-24 15:07:00,2012-05-24 15:14:00,1,3.53,5,3,1,1,2,4,NA,2,y,CA,95377,-,-,3,19,Vietnamese,11,14,5,4,6,female,62,106,6,-,8,1,decline to state,-,6,6,catholic,-,NA,NA,NA,NA,NA,NA,NA,NA,NA,NA,NA,NA,NA,NA,NA,NA,NA,1,NA,NA,NA,NA,NA,NA,NA,NA,NA,NA,NA,NA,NA,NA,NA,NA,-,17,5,1,1,1,1,1,2012-06-02 16:49:00,2012-06-02 17:11:00,30.485,115.877,162.107,3,38.126,38.126,91.729,1,8.285,66.899,114.233,3,6,0,0,83.862,0,1,3,4,UV,infrared,17.654,17.654,64.636,1,9.565,9.565,58.22,1,26.247,26.247,43.979,1,7,1,7,8,6,7,8,7,4,7,7,8,7,8,7,8,9,9,5,9,7,2,1,6,25,female,y,y,n,decline to state,8,protestant / other christian
26,2012-05-25 15:01:00,2012-05-25 15:11:00,NA,NA,NA,NA,NA,NA,NA,NA,n,4,1,800,1,6,7,6,6,5,5,6,7,7,7,4,7,5,6,6,5,5,5,4,4,1,6,3,1,1,7,3,7,7,8,5,3,2,3,7,7,3,7,3,3,7,3,3,6,7,0,2012-05-25 14:48:00,2012-05-25 15:00:00,1,3.6,4,1,2,3,6,6,NA,4,n,,NA,China,1,3,20,Chinese,10,4,3,1,6,male,68.6,150,1,,8,1,none,,4,4,other,,NA,NA,NA,NA,NA,NA,1,NA,NA,NA,NA,NA,NA,NA,NA,NA,NA,NA,NA,NA,NA,NA,NA,NA,NA,NA,NA,NA,NA,NA,NA,NA,NA,NA,,6,6,2,1,1,1,1,2012-06-14 19:45:00,2012-06-14 20:20:00,1.754,262.285,300.584,4,96.02,96.92,187.563,2,1.206,142.983,194.747,3,5,0,0,209.953,0,6,7,5,visible infrared and ultraviolet,visible ultraviolet,1.679,37.623,85.584,5,2.237,71.956,83.993,8,1.183,1.183,44.917,1,8,1,5,8,7,5,5,4,4,8,7,8,3,7,7,5,5,5,5,5,5,4,1,8,0,male,n,n,n,none,5,decline to state
27,2012-05-25 17:15:00,2012-05-25 17:21:00,NA,NA,NA,NA,NA,1,NA,NA,y,NA,2,701,1,7,7,7,1,3,1,4,6,6,6,6,6,6,5,2,3,2,1,1,3,1,4,5,4,1,5,4,5,6,3,6,4,5,5,6,6,5,7,4,5,6,5,5,4,5,0,2012-05-25 17:09:00,2012-05-25 17:14:00,1,3.3,5,3,2,1,3,5,5,3,n,,91789,China,16,3,19,English and Mandarin Chinese,11,,NA,NA,NA,female,67.5 inches,130 pounds,1,,8,1,decline to state,,3,4,buddhist,,NA,NA,NA,NA,1,NA,1,NA,NA,NA,NA,NA,NA,NA,NA,NA,NA,NA,NA,NA,NA,NA,NA,NA,NA,NA,NA,NA,NA,NA,NA,NA,NA,NA,,6,6,2,1,1,1,1,2012-06-14 17:57:00,2012-06-14 21:16:00,10.702,103.552,104.145,2,1.279,50.357,52.073,2,1.232,1.232,11.294,1,2,11095.605,11095.605,11196.428,1,4,2,6,visible,infrared,3.593,3.593,65.634,1,0.962,0.962,37.669,1,1.722,1.722,8.913,1,5,1,7,6,5,3,5,2,4,5,4,5,7,7,6,5,4,4,5,3,2,4,1,5,2,female,y,n,y,democrat,4,buddhist
28,2012-05-25 23:00:00,2012-05-25 23:09:00,NA,NA,1,NA,NA,NA,NA,NA,y,10,2,635,1,1,3,5,9,9,8,3,3,2,6,1,9,7,9,9,9,5,9,9,3,1,5,2,5,1,5,5,5,8,3,5,5,3,6,5,7,6,7,5,4,7,3,5,3,4,0,2012-05-25 22:52:00,2012-05-25 22:59:00,1,3.57,5,3,3,3,5,6,6,2,n,,NA,Romania,6,3,20,Romanian,11,10,5,1,6,male,69,160,1,,8,1,none,,5,5,catholic,"no denomination, Jesus follower!",NA,NA,NA,NA,NA,NA,NA,NA,NA,NA,NA,NA,NA,NA,NA,NA,NA,NA,NA,NA,1,NA,NA,NA,NA,NA,NA,NA,NA,NA,NA,NA,NA,NA,,19,4,2,1,1,1,1,2012-06-02 23:56:00,2012-06-03 00:33:00,9.038,9.038,103.977,1,20.281,20.281,111.716,1,33.138,33.138,105.508,1,5,12.912,12.912,176.046,1,3,4,7,UV and visible,infrared,2.891,6.92,86.812,4,11.724,11.724,40.148,1,3.211,3.211,63.169,1,7,1,2,5,5,9,9,9,2,5,3,7,1,9,6,9,9,9,7,9,9,3,1,2,6,male,y,n,n,republican,7,protestant / other christian
29,2012-05-26 12:09:00,2012-05-26 13:04:00,NA,NA,NA,NA,NA,NA,NA,NA,y,NA,5,770,1,7,8,4,6,4,4,6,9,8,7,6,7,6,6,4,4,3,4,3,3,1,7,6,6,1,6,6,4,8,4,4,6,4,4,8,6,7,6,6,4,4,4,NA,4,8,0,2012-05-26 11:36:00,2012-05-26 12:08:00,1,3.62,2,2,4,4,8,8,8,4,n,MI,NA,,,3,20,English,11,,NA,NA,NA,male,6',150,1,,8,1,none,,5,5,catholic,Protestant,NA,NA,NA,NA,NA,NA,1,NA,NA,NA,NA,NA,NA,NA,NA,NA,NA,NA,NA,NA,NA,NA,NA,NA,NA,NA,NA,NA,NA,NA,NA,NA,NA,NA,,6,6,3,1,1,1,1,2012-06-17 12:12:00,2012-06-17 12:21:00,1.006,1.006,53.553,1,166.582,166.582,168.287,1,1.403,60.43,61.8,2,7,0,0,38.33,0,4,4,4,visible,infrared,6.316,6.316,7.304,1,3.424,3.424,4.686,1,6.351,6.351,7.311,1,6,1,6,7,3,4,4,4,6,8,8,7,6,6,6,4,4,4,4,4,4,4,1,5,21,male,y,y,y,none,7,protestant / other christian
30,2012-05-26 13:33:00,2012-05-26 13:41:00,NA,NA,NA,NA,NA,NA,NA,NA,y,NA,3,701,1,7,8,3,3,5,1,6,7,6,7,8,7,7,5,2,4,2,3,2,3,1,6,6,20,1,7,4,6,7,3,6,3,5,5,7,6,7,6,4,4,6,4,3,6,6,0,2012-05-26 13:22:00,2012-05-26 13:32:00,1,3,1,2,3,4,8,7,8,4,y,CA,94566,,,3,20,Telegu/English,8,,5,6,3,female,66,130,1,,2,1,democrat,,2,4,muslim,,NA,NA,NA,NA,1,NA,NA,NA,NA,1,NA,NA,NA,NA,NA,NA,NA,NA,NA,NA,NA,NA,NA,NA,NA,NA,NA,NA,NA,NA,NA,NA,NA,NA,,4,2,2,1,1,1,1,2012-06-12 12:27:00,2012-06-12 12:49:00,4.007,4.007,91.039,1,38.074,38.074,69.765,1,9.983,9.983,46.659,1,3,0,0,287.636,0,3,5,5,UV,infared,4.627,4.627,63.267,1,16.608,16.608,41.967,1,11.934,49.278,59.075,5,4,1,7,7,3,2,6,1,8,6,5,6,8,9,6,6,4,3,3,2,1,4,1,6,21,female,y,y,y,democrat,2,buddhist
31,2012-05-27 08:13:00,2012-05-27 08:26:00,NA,NA,NA,NA,NA,NA,NA,NA,n,16,1,NA,1,6,8,2,6,5,NA,9,8,9,9,7,8,7,5,6,7,2,7,3,3,1,7,7,2,1,4,4,3,6,6,4,3,5,7,6,7,5,5,3,4,6,3,4,5,6,0,2012-05-27 08:02:00,2012-05-27 08:11:00,3,3.55,5,1,3,3,3,7,7,4,n,,NA,India,2 weeks,3,18,Malayalam,11,16,5,5,6,female,66.3,128.92,1,,8,1,none,,4,4,protestant / other christian,Hindu Nair,NA,NA,NA,NA,NA,NA,NA,NA,NA,1,NA,NA,NA,NA,NA,NA,NA,NA,NA,NA,NA,NA,NA,NA,NA,NA,NA,NA,NA,NA,NA,NA,NA,NA,,9,7,2,1,1,1,1,2012-06-13 14:13:00,2012-06-13 14:43:00,9.257,9.257,194.5,1,8.267,12.931,161.746,2,5.543,87.841,120.733,6,5,12.197,156.119,248.984,4,4,5,5,visible,visible and infrared,38.964,227.205,243.857,7,3.347,32.53,90.684,4,2.097,111.208,125.255,11,7,1,7,8,3,7,6,5,7,9,9,9,7,8,8,6,6,7,1,6,3,4,1,7,2,female,n,n,n,none,5,hindu
32,2012-05-27 18:44:00,2012-05-27 18:56:00,NA,NA,NA,NA,NA,NA,NA,NA,y,6,1,NA,1,5,7,5,5,5,5,7,6,7,7,5,5,6,5,5,5,5,5,5,5,1,4,5,NA,1,4,5,4,7,6,5,6,4,5,4,7,6,7,6,4,7,4,3,4,5,0,2012-05-23 19:35:00,2012-05-27 18:42:00,1,3.1,5,4,3,3,5,5,NA,3,n,,NA,South Korea,About 5 and 1/2 years,3,1985,Korean,11,About 6 years,4,2,6,female,67.08 inches,125.4 pounds,1,,8,1,none,,4,4,other,,NA,NA,NA,NA,1,NA,NA,NA,NA,NA,NA,1,NA,NA,NA,NA,NA,NA,NA,NA,NA,NA,NA,NA,NA,NA,NA,NA,NA,NA,NA,NA,NA,NA,,11,7,1,1,3,2,1,2012-06-17 22:44:00,2012-06-17 23:57:00,10.039,369.496,375.99,23,6.569,229.092,233.817,9,4.016,94.058,101.393,3,4,0,0,562.039,0,5,5,5,I don't know well.,infrared,2.972,348.147,370.343,6,2.687,308.787,361.832,8,3.693,3.693,27.415,1,6,1,6,8,6,5,5,5,6,7,7,8,6,6,6,5,5,5,5,5,5,5,1,6,5,female,y,n,n,none,5,decline to state
33,2012-05-27 22:32:00,2012-05-27 22:35:00,NA,NA,NA,NA,NA,NA,NA,NA,y,15,2,701,1,7,7,4,7,5,4,5,7,6,7,6,7,5,7,5,5,4,6,3,2,1,7,6,5,1,6,5,5,6,6,6,5,5,6,5,6,6,6,5,6,6,6,6,6,5,0,2012-05-22 11:56:00,2012-05-27 22:32:00,1,3.71,5,3,2,2,4,3,2,2,n,,91214,South Korea,15,2,20,Korean,8,15,5,2,2,male,64.6,148,1,,8,1,none,,3,4,muslim,,NA,NA,NA,NA,1,NA,NA,NA,NA,NA,NA,1,NA,NA,NA,NA,NA,NA,NA,NA,NA,NA,NA,NA,NA,NA,NA,NA,NA,NA,NA,NA,NA,NA,,4,6,NA,NA,NA,NA,NA,2012-06-14 14:29:00,2012-06-14 14:52:00,8.421,87.452,101.229,3,4.806,25.884,21.345,3,1.186,39.519,51.291,3,4,4.224,80.858,81.163,9,6,7,4,visible,infared,1.343,236.685,241.042,15,4.325,38.466,40.402,3,3.308,30.483,49.468,2,5,1,7,7,5,8,5,3,5,7,7,7,7,7,6,6,4,4,6,6,3,3,1,6,100,male,y,n,n,democrat,4,protestant / other christian
34,2012-05-27 23:45:00,2012-05-27 23:50:00,NA,NA,NA,NA,NA,NA,NA,NA,y,NA,NA,649,1,8,5,3,5,5,5,5,5,4,7,8,9,6,5,5,5,5,5,5,2,1,3,3,0,1,5,5,5,5,5,5,5,5,5,5,5,5,5,5,5,5,5,5,5,5,0,2012-05-27 23:40:00,2012-05-27 23:44:00,1,4,2,4,4,4,1,3,2,2,y,CA,92887,,,3,21,English,11,,NA,NA,NA,male,67 inches,135 pounds,1,,8,1,none,,4,4,agnostic,,NA,NA,NA,NA,NA,NA,NA,NA,NA,NA,NA,NA,NA,NA,NA,NA,NA,NA,NA,NA,NA,NA,1,NA,NA,NA,NA,NA,NA,NA,NA,NA,NA,NA,,21,7,1,1,3,3,3,2012-06-14 09:58:00,2012-06-14 10:13:00,2.209,2.209,93.739,1,1.179,88.544,89.121,2,1.166,1.166,70.216,1,2,21.341,22.424,135.287,3,1,1,1,visible,infrared,9.275,9.275,72.259,1,0.952,0.952,41.603,1,1.128,1.128,59.06,1,3,1,7,5,5,5,5,3,5,5,5,7,7,7,7,7,5,5,5,5,6,3,1,7,0,male,y,y,y,independent,5,agnostic
35,2012-05-28 01:28:00,2012-05-28 01:40:00,NA,NA,NA,NA,NA,NA,NA,NA,y,NA,3,671,1,6,6,7,8,6,3,5,6,7,7,4,7,6,7,8,8,6,9,5,5,1,5,4,4,1,3,4,4,4,3,5,6,3,6,6,6,5,7,6,4,6,6,5,4,4,0,2012-05-22 10:43:00,2012-05-28 01:27:00,1,3.09,2,4,3,4,5,7,NA,3,y,CA,93292,,,1,22,English,11,,NA,NA,NA,male,61,175,1,,8,1,independent,,3,5,catholic,no specific denomination,NA,NA,NA,NA,NA,NA,NA,NA,NA,NA,NA,NA,NA,NA,NA,NA,NA,NA,NA,NA,NA,NA,NA,NA,1,1,NA,NA,NA,NA,NA,NA,NA,NA,,23,4,3,1,2,3,1,2012-06-12 19:17:00,2012-06-12 19:48:00,1.564,147.194,194.452,2,1.955,1.955,134.405,1,6.983,66.361,316.398,2,3,0,0,131.398,0,1,3,8,visable,infrared,5.388,5.388,121.263,1,1.903,29.872,64.071,2,0.96,70.965,73.579,2,5,1,6,7,7,8,6,2,7,7,7,8,4,8,6,3,8,7,6,9,6,4,1,3,60,male,y,y,y,libertarian,3,agnostic
36,2012-05-28 09:27:00,2012-05-28 09:39:00,NA,NA,NA,NA,NA,NA,NA,NA,n,NA,2,800,1,7,7,5,3,3,3,5,6,6,6,5,7,7,3,3,2,5,4,3,3,1,5,6,0,1,6,3,7,7,3,5,3,5,5,7,6,7,7,5,5,7,5,3,5,6,0,2012-05-28 08:59:00,2012-05-28 09:24:00,3,4.15,5,3,2,4,6,7,6,4,n,,NA,Singapore,0,3,23,English,10,,NA,NA,NA,male,69.8,132,1,,7,1,none,,4,4,agnostic,,NA,NA,NA,NA,1,NA,1,NA,NA,NA,NA,NA,NA,NA,NA,NA,NA,NA,NA,NA,NA,NA,NA,NA,NA,NA,NA,NA,NA,NA,NA,NA,NA,NA,,4,3,1,1,1,2,1,2012-06-18 21:42:00,2012-06-18 22:16:00,2.452,345.044,397.039,3,7.374,7.374,186.878,1,2.762,2.762,51.601,1,6,0,0,89.668,0,2,2,7,visable,infra-red,2.483,2.483,226.276,1,4.859,101.771,105.099,2,3.252,57.606,60.095,2,8,1,6,7,5,3,3,2,7,7,6,6,6,7,6,3,2,2,5,4,2,3,1,5,0,male,n,n,y,none,5,agnostic
