,StartDate.study,EndDate.study,k1time_pre_1,k1time_pre_2,k1time_pre_3,k1time_pre_4,k2time_pre_1,k2time_pre_2,k2time_pre_3,k2time_pre_4,k3time_pre_1,k3time_pre_2,k3time_pre_3,k3time_pre_4,knwgbl_pre,desc_time_1,desc_time_2,desc_time_3,desc_time_4,desc,surprise,surprise.1,new_forg,lt_in_pst,lt_out_pst,k1time_pst_1,k1time_pst_2,k1time_pst_3,k1time_pst_4,k2time_pst_1,k2time_pst_2,k2time_pst_3,k2time_pst_4,k3time_pst_1,k3time_pst_2,k3time_pst_3,k3time_pst_4,knwgbl_pst,evo1_1_pst,gw1_2_pst,nat1_3_pst,dty1_4_pst,aft1_5_pst,cre1_6_pst,gw2_1_pst,gw2_2_pst,gw2_3_pst,gw2_4_pst,evo2_5_pst,evo2_6_pst,engage_pst,aft2_pst,aft3_pst,dty2_pst,dty3_pst,cre2_pst,cre3_pst,nat2_pst,lifsty_pst,natmil_pst_1,gender,citizen,us_born,english,party,conservati,faith,us_years,born,eng_years,first_lang,StartDate.test,EndDate.test,lt_in_fol,lt_out_fol,k1time_fol_1,k1time_fol_2,k1time_fol_3,k1time_fol_4,k2time_fol_1,k2time_fol_2,k2time_fol_3,k2time_fol_4,k3time_fol_1,k3time_fol_2,k3time_fol_3,k3time_fol_4,knwgbl_fol,evo1_1_fol,gw1_2_fol,nat1_3_fol,dty1_4_fol,aft1_5_fol,cre1_6_fol,gw2_1_fol,gw2_2_fol,gw2_3_fol,gw2_4_fol,evo2_5_fol,evo2_6_fol,engage_fol,aft2_fol,aft3_fol,dty2_fol,dty3_fol,cre2_fol,cre3_fol,nat2_fol,lifsty_fol,natmil_fol_1,Q102,did.pre,study.test.delay,codes.1_pre,coder.1_pre,codes.2_pre,coder.2_pre,codes.1_pst,coder.1_pst,codes.2_pst,coder.2_pst,codes.1_fol,coder.1_fol,codes.2_fol,coder.2_fol
1,6/2/12 16:04,6/2/12 16:19,4.419,59.898,92.524,3,36.213,36.213,76.269,1,13.446,13.446,44.151,1,2,0,0,189.782,0,1,1,1,3,visible,infrared,5.698,30.898,84.988,3,6.206,6.206,10.568,1,3.808,3.808,29.834,1,3,9,5,7,7,7,1,4,6,4,6,9,9,3,7,6,4,1,7,1,6,6,3,male,y,y,y,democrat,3,spiritual but not religious,NA,,NA,,6/3/12 19:25,6/3/12 19:32,visible,infrared,4.94,127.915,142.725,5,8.245,8.245,13.14,1,2.715,2.715,29.14,1,2,9,5,7,7,7,1,4,6,5,6,9,9,3,7,6,6,1,7,1,6,3,3,2,TRUE,1.139583333,"MCCS3, MCCS4, DGHG3, MCCR",Coder1,"MCCS3, MCCS4, DGHG3, MCCR",Coder2,"DD1, DGHG2, MCCE1, DNK1, DGHG3",Coder1,"DGHG3, DGHG2, DNK1, DD1, MCCE1",Coder3,"DD1, MCCE1, DGHG3, DGHG2, DNK1",Coder1,"DD1, MCCE1, DGHG3, DGHG2, DNK1",Coder2
2,6/2/12 16:49,6/2/12 17:11,30.485,115.877,162.107,3,38.126,38.126,91.729,1,8.285,66.899,114.233,3,6,0,0,83.862,0,1,1,3,4,UV,infrared,17.654,17.654,64.636,1,9.565,9.565,58.22,1,26.247,26.247,43.979,1,7,7,8,6,7,8,7,4,7,7,8,7,8,7,8,9,9,5,9,7,2,6,25,female,y,y,n,decline to state,8,protestant / other christian,NA,,14,Vietnamese,6/3/12 19:22,6/3/12 20:53,uv,infrared,3.831,3.831,45.997,1,5.574,5.574,52.37,1,2.02,2.02,26.683,1,7,3,7,6,7,8,7,5,7,7,7,7,8,7,8,9,9,5,8,5,4,6,25,1,TRUE,1.10625,"MCCQ2, DD3, DGHG2",Coder1,"DGHG2, DD3, MCCQ2",Coder3,"MCCQ2, DD3, DGHG3, DGHG4",Coder1,"DGHG3, MCCQ2, DD3, SGHG2",Coder3,"MCCQ2, DGHG3, DGHG4",Coder1,"MCCQ2, DD3, DGHG3",Coder2
3,6/2/12 18:05,6/2/12 18:27,1.387,72.469,83.526,3,32.106,32.106,139.913,1,6.462,6.462,62.824,1,5,0,0,178.158,0,1,1,1,9,infrared,visible,1.54,1.54,50.586,1,0.962,0.962,39.598,1,1.166,1.166,38.185,1,5,9,3,7,5,7,1,3,3,3,3,9,9,7,7,7,6,1,5,1,3,3,6,male,y,y,y,democrat,4,decline to state,NA,,NA,,6/3/12 19:09,6/3/12 19:16,infrared,visible,83.218,128.25,157.288,6,1.123,1.123,63.868,1,0.713,0.713,47.893,1,5,9,2,7,5,7,2,2,2,3,3,9,9,7,7,7,7,1,2,1,3,3,6,2,TRUE,1.044444444,"DGHG3, MCCE2, DGHG2, DD2, MCCS1",Coder3,"MCCS1, DD2, DGHG3, DGHG2, MCCE2",Coder1,"DGHG3, DGHG2, DD2, MCCE2, SGHG1",Coder3,"MCCE2, DD2, DGHG2, DGHG3",Coder5,"DGHG3, DGHG2, DD2, MCCE2",Coder3,"MCCE2, DGHG2, DD2, DGHG3",Coder1
4,6/2/12 19:11,6/2/12 23:04,1.699,75.919,79.741,2,14.264,89.221,91.536,3,40.739,126.294,128.658,2,1,19.124,36.75,38.87,3,1,4,8,2,visible,infrared,1.395,30.026,72.924,5,4.751,4.751,49.144,1,51.255,164.498,166.287,4,7,8,5,8,7,3,1,3,3,1,6,9,9,6,4,5,3,9,6,2,6,4,2,female,y,y,y,democrat,2,jewish,NA,,NA,,6/3/12 17:56,6/3/12 18:04,visible,infrared,3.705,61.96,104.408,4,5.64,5.64,97.675,1,2.499,85.101,86.39,4,3,9,3,9,6,3,1,4,3,2,3,8,9,5,5,5,3,8,6,2,7,2,2,2,TRUE,0.947916667,"MCCS4, DD3, DGHG3",Coder2,"DGHG3, DGHG2, DD3, MCCS3, MCCS4",Coder3,"MCCS1, MCCE1, DD1, DGHG1",Coder2,"DGHG3, DGHG1, DD1, MCCS1, MCCE3",Coder3,"MCCS1, SGHG1, DD1, MCCE2, DGHG1",Coder2,,Coder4
5,6/2/12 23:56,6/3/12 0:33,9.038,9.038,103.977,1,20.281,20.281,111.716,1,33.138,33.138,105.508,1,5,12.912,12.912,176.046,1,1,3,4,7,UV and visible,infrared,2.891,6.92,86.812,4,11.724,11.724,40.148,1,3.211,3.211,63.169,1,7,2,5,5,9,9,9,2,5,3,7,1,9,6,9,9,9,7,9,9,3,2,6,male,y,n,n,republican,7,protestant / other christian,6,Romania,10,Romanian,6/3/12 23:37,6/3/12 23:44,UV and visible,infrared,7.034,7.034,79.483,1,3.977,3.977,36.932,1,1.477,1.477,43.553,1,6,2,3,7,9,9,9,3,4,4,7,2,9,7,9,9,9,8,9,9,3,4,6,2,TRUE,0.986805556,"SGHG3, MCCS4, DGHG4",Coder5,"SGHG2, MCCS4, DGHG4",Coder2,"DD1, DGHG1, DGHG3, MCCE4",Coder4,"DD1, DGHG1, DGHG3",Coder1,"DD1, DGHG1, DGHG3, MCCE1",Coder4,"DD1, DGHG1, DGHG3, MCCE3",Coder1
6,6/3/12 9:42,6/3/12 21:16,1.834,103.153,260.872,2,6.595,128.193,130.698,2,0.901,0.901,117.044,1,5,0,0,31.074,0,1,1,2,8,visible,infrared,5.117,62.548,62.758,2,0.684,63.571,66.556,2,0.882,2.938,25.49,2,8,5,7,5,9,9,7,5,7,3,4,7,7,5,9,9,9,9,9,5,4,4,3,female,y,n,n,none,5,protestant / other christian,9,Korea,11,Korean,6/4/12 18:49,6/4/12 19:02,visible,infrared,1.513,72.332,107.717,2,8.229,8.229,324.537,1,1.325,1.325,32.858,1,7,7,6,5,9,9,7,5,5,5,4,7,7,5,9,9,9,9,9,5,3,5,3,1,FALSE,1.379861111,"MCCS1, SGHG1, DGHG1, DD2, DGHG3",Coder1,"DGHG3, DGHG1, MCCS1, SGHG1, DD2",Coder3,"MCCS1, DGHG1, DD3",Coder1,"MCCS1, DGHG1, DD3",Coder2,"DGHG1, DD1",Coder1,"DD1, DGHG1",Coder2
7,6/3/12 21:16,6/3/12 21:47,2.995,2.995,91.53,1,14.004,96.844,97.285,2,5.94,89.749,133.078,2,7,0,0,99.889,0,1,3,2,7,visible,infrared,6.441,113.425,143.211,6,4.097,130.313,134.338,8,2.164,2.164,42.27,1,7,8,6,7,2,2,1,4,7,3,6,9,9,6,3,2,1,2,2,1,3,1,0,male,y,y,y,libertarian,7,atheist,NA,,NA,,6/4/12 16:27,6/4/12 16:44,visible,infrared,16.864,77.361,87.794,4,36.68,36.68,120.985,1,56.353,145.346,151.571,2,7,9,6,7,2,2,1,4,7,3,6,8,9,5,3,2,1,3,2,1,3,1,0,2,TRUE,0.799305556,"DGHG2, DD1, DGHG3, MCCE2",Coder1,"DGHG3, DGHG2, DD1, MCCE2",Coder3,"DD1, MCCE2, DGHG3, DGHG2",Coder1,"DGHG3, DD1, MCCE2, DGHG2",Coder3,"DGHG2, DD1, DGHG3",Coder1,"DGHG3, DGHG2, DD1",Coder3
8,6/4/12 10:49,6/4/12 11:31,3.336,152.719,154.452,2,51.354,83.269,110.272,5,7.024,7.024,35.496,1,2,0,0,373.474,0,1,2,3,5,uv,infrared,1.617,1.617,73.8,1,6.25,6.25,49.002,1,1.517,1.517,13.2,1,3,5,5,5,9,9,9,3,5,4,5,5,5,5,9,9,9,3,9,7,5,2,20,female,y,y,y,republican,7,other,NA,,NA,,6/5/12 11:41,6/5/12 11:48,visible,infrared,1.625,1.625,43.306,1,1.72,1.72,55.742,1,2.109,2.109,11.539,1,3,3,5,5,9,9,9,4,5,5,5,3,5,5,9,9,5,5,9,7,5,5,24,2,TRUE,1.036111111,"MCCQ2, DNK1, DGHG4",Coder2,"DGHG2, DNK1, MCCQ2",Coder3,"DD1, DGHG1",Coder2,,Coder4,"DD1, DGHG1",Coder2,,Coder4
9,6/4/12 12:31,6/4/12 13:08,2.281,345.529,454.029,4,29.282,96.544,279.806,3,13.733,13.733,59.71,1,3,0,0,156.284,0,1,2,5,8,visible,infrared,13.468,197.047,244.591,3,3.466,3.466,60.659,1,13.079,22.674,57.005,2,4,7,5,2,2,1,2,5,7,2,5,5,9,2,2,2,3,2,8,1,1,1,2,male,y,y,n,none,5,catholic,NA,,11,spanish,6/5/12 16:23,6/5/12 16:36,visible,infrared,2.095,76.957,191.46,3,2.805,2.805,57.61,1,2.472,55.226,71.953,4,3,6,5,2,5,2,1,5,5,3,5,7,8,2,3,1,3,2,7,1,1,1,2,2,TRUE,1.161111111,"MCCS2, MCCE3, DD3, DGHG3, DGHG1",Coder1,"MCCS2, MCCE2, DD1, DGHG1",Coder2,"DD1, DGHG1, DGHG3, MCCE3",Coder1,"DGHG3, DGHG1, DD1",Coder3,"DD1, DGHG1, DGHG3",Coder1,"DD1, DGHG1",Coder2
10,6/5/12 9:11,6/6/12 14:52,5.181,220.322,230.574,12,3.752,3.752,21.433,1,13.507,13.507,24.975,1,3,0,0,126.985,0,1,3,3,7,ultraviolet,infrared,8.867,115.674,116.399,4,6.728,6.728,51.286,1,3.083,3.083,9.574,1,5,1,5,5,9,9,9,3,7,5,7,1,5,5,9,9,9,9,9,9,5,5,30,male,y,y,y,republican,5,spiritual but not religious,NA,,NA,,6/7/12 21:15,6/7/12 21:24,ulraviolet,infrared,3.504,224.037,228.831,12,12.072,12.072,88.917,1,2.171,2.171,10.077,1,3,1,5,5,9,9,9,3,7,5,7,1,5,5,9,9,9,9,9,9,5,5,30,2,FALSE,2.502777778,"MCCS1, MCCS2, DNK2, DNK1",Coder5,"MCCS1, MCCS2, DNK2, DNK1",Coder2,"SGHG1, MCCE3, DD2, DNK1",Coder5,"SGHG1, MCCE3, DD2, DNK1",Coder2,"DD2, MCCE2, DNK1, SGHG1",Coder5,"DD2, MCCE2, DNK1, SGHG1",Coder2
11,6/12/12 11:55,6/12/12 12:19,1.249,155.497,202.402,3,24.259,161.55,213.664,2,1.038,1.038,77.09,1,8,184.931,184.931,186.177,1,1,1,1,9,visible,infrared,0.952,99.332,101.066,6,0.962,74.236,85.689,5,0.809,0.809,38.918,1,9,7,6,8,7,7,5,4,8,8,7,7,9,7,7,9,8,5,5,3,4,5,3,male,n,n,n,democrat,5,catholic,9,Philippines,19,Tagalog/English,6/18/12 0:44,6/18/12 1:53,visibile,infrared,1.017,1.017,109.696,1,1.22,1.22,102.731,1,1.211,1.211,52.776,1,9,7,4,7,7,7,5,3,7,7,7,7,7,7,7,7,5,5,5,5,7,7,NA,2,TRUE,5.534027778,"DGHG1, DD2, MCCE2, MCCS1, MCCS2",Coder4,"MCCS1, MCCS2, DD2, DGHG3, DGHG1, MCCE2",Coder1,"DD1, DGHG1, DGHG3, MCCE1",Coder4,"DD1, MCCE1, DGHG1, DGHG3",Coder1,"DD2, DGHG1, DGHG3, MCCE2",Coder4,"MCCE1, DD2, DGHG3, DGHG1",Coder1
12,6/12/12 12:27,6/12/12 12:49,4.007,4.007,91.039,1,38.074,38.074,69.765,1,9.983,9.983,46.659,1,3,0,0,287.636,0,1,3,5,5,UV,infared,4.627,4.627,63.267,1,16.608,16.608,41.967,1,11.934,49.278,59.075,5,4,7,7,3,2,6,1,8,6,5,6,8,9,6,6,4,3,3,2,1,4,6,21,female,y,y,y,democrat,2,buddhist,NA,,NA,,6/17/12 15:57,6/17/12 16:11,UV,infared,14.363,243.486,253.194,5,6.578,11.336,246.393,2,1.908,1.908,14.86,1,3,7,7,3,2,6,1,7,5,6,6,8,9,6,6,4,3,1,8,1,3,6,21,2,TRUE,5.145833333,,Coder2,,Coder4,"MCCS1, MCCE3, DD3, DGHG2",Coder2,,Coder4,"DD2, DGHG3",Coder2,"DGHG3, DGHG2",Coder3
13,6/12/12 12:53,6/12/12 13:08,1.64,1.64,113.031,1,3.111,3.111,83.519,1,5.807,5.807,104.699,1,4,0,0,40.678,0,1,7,7,7,visible,infrared,4.586,4.586,82.277,1,11.922,11.922,16.108,1,1.415,2.14,6.043,2,6,4,6,9,8,8,3,6,8,6,7,7,5,6,8,8,9,9,9,5,3,4,5,male,y,y,y,libertarian,7,protestant / other christian,NA,,NA,,6/17/12 16:39,6/17/12 16:45,visible,infrared,5.2,5.2,60.511,1,4.624,4.624,136.237,1,2.142,2.142,30.605,1,6,6,6,7,8,8,4,6,7,4,4,4,4,5,8,9,8,8,8,7,6,4,6,2,FALSE,5.156944444,"DD2, DGHG2, DGHG3, MCCE2, MCCS1",Coder4,"DGHG2, MCCE2, MCCS1, DD2, DGHG3",Coder1,"DD3, DGHG1, MCCE2, DNK2",Coder4,"DGHG1, MCCE2, DD3, DNK2",Coder1,"MCCE2, DD1, DGHG1, DGHG3",Coder5,"MCCE2, DD1, DGHG1",Coder2
14,6/12/12 13:19,6/12/12 13:38,2.36,173.119,178.208,4,1.406,22.108,144.77,6,23.555,23.555,49.925,1,6,0,0,61.206,0,1,5,5,5,ultraviolet,infrared,5.065,9.881,134.942,2,3.366,3.366,63.366,1,3.365,53.306,54.311,4,6,8,8,9,7,7,3,7,7,6,6,8,5,7,7,7,5,4,7,3,7,7,0,female,y,y,y,democrat,3,hindu,NA,,NA,,6/17/12 21:20,6/17/12 21:37,ultraviolet,infrared,0.94,0.94,223.227,1,4.122,4.122,35.983,1,2.871,2.871,141.593,1,7,8,7,9,7,7,3,7,7,7,7,7,8,7,7,7,6,5,7,2,9,7,0,2,FALSE,5.334027778,"SGHG1, MCCS1, MCCE3, DD1, DGHG1",Coder2,,Coder4,,Coder2,,Coder4,"SGHG1, MCCE2, DD1, DGHG1",Coder2,,Coder4
15,6/12/12 13:50,6/12/12 14:18,3.115,106.063,141.979,4,1.748,1.748,81.484,1,3.893,96.985,113.46,5,4,0,0,178.776,0,1,2,2,8,infrared,infrared,3.228,121.422,142.21,4,1.595,47.717,51.632,4,1.46,76.409,82.26,5,2,5,6,6,6,5,5,5,6,7,7,6,7,6,3,5,4,3,4,3,3,6,3,male,y,n,y,none,2,hindu,3,India,NA,,6/18/12 13:13,6/18/12 13:25,Ultra Violet,reflected,1.592,72.076,73.948,2,0.981,21.418,81.338,6,1.184,91.546,96.73,6,4,5,4,5,4,3,3,5,6,6,7,4,7,6,3,4,4,3,6,6,5,6,3,1,FALSE,5.974305556,"DGHG4, DD2, MCCQ2",Coder3,"MCCQ2, DD2, DGHG4",Coder1,"DGHG3, DGHG1, DD3, MCCE3, DGHG2",Coder3,"MCCE3, DD3, DGHG1, DGHG3",Coder5,"DGHG3, DGHG1, DD3, MCCE2",Coder3,"MCCE2, DD3, DGHG3, DGHG1",Coder1
16,6/12/12 14:10,6/12/12 14:40,2.303,214.868,218.621,8,18.725,18.725,101.726,1,16.819,157.716,169.53,4,2,0,0,186.125,0,1,2,1,3,visible,infrared,4.37,300.483,312.446,17,20.432,20.432,24.644,1,8.722,8.722,36.396,1,4,8,7,5,5,5,1,7,7,6,7,7,7,6,3,1,2,1,5,3,3,3,10,female,y,n,n,none,2,agnostic,10,Ukraine,10,Russian,6/17/12 15:15,6/17/12 15:26,visible,infrared,1.68,187.943,230.409,4,16.351,16.351,41.819,1,10.259,10.259,26.388,1,4,7,7,3,2,3,2,6,6,6,7,7,8,6,3,2,3,1,6,2,3,3,10,2,TRUE,5.045138889,"MCCS1, MCCS3, MCCE2, SGHG3, DD2, DGHG2",Coder5,"MCCS1, MCCS3, MCCE2, SGHG3, DD2, DGHG2",Coder2,"DD1, DGHG1, DGHG3, MCCE1, MCCS1, DNK2",Coder4,"DD1, DGHG1, MCCS1, MCCE1, DNK2",Coder1,"DD2, DGHG1, DGHG3, MCCE1, MCCS1, DNK2",Coder4,"DD2, DGHG1, DGHG3, MCCS1, MCCE1, DNK2",Coder1
17,6/12/12 14:18,6/12/12 14:43,1.761,1.761,125.827,1,20.032,20.032,44.712,1,8.835,8.835,43.555,1,3,384.294,385.365,401.91,2,1,4,7,4,visible,infrared,5.325,58.228,140.531,6,3.336,3.336,33.601,1,2.343,2.343,26.68,1,5,8,8,2,9,9,2,9,8,7,8,9,8,4,6,9,9,9,9,1,1,5,20,female,y,y,y,republican,5,protestant / other christian,NA,,NA,,6/18/12 0:15,6/18/12 0:22,visible,infrared,4.695,66.261,138.606,7,4.437,4.437,38.238,1,2.037,2.037,12.674,1,4,8,7,1,9,9,2,7,7,7,8,7,9,7,7,9,9,9,9,7,2,6,9,2,TRUE,5.414583333,"MCCS1, DNK1, DGHG3",Coder1,"MCCS1, DNK1, DGHG3",Coder2,"DGHG1, DD1, DGHG3, MCCE1, MCCS1",Coder1,"DD1, MCCE1, MCCS1, DGHG1",Coder2,"DD1, DGHG1, MCCS1, MCCE1, DGHG3",Coder1,"DD1, DGHG1, MCCS1, MCCE1, DGHG3",Coder2
18,6/12/12 14:31,6/12/12 15:18,1.752,143.187,161.367,5,48.381,48.381,201.778,1,7.851,119.809,121.06,4,5,19.261,44.441,49.836,2,1,5,4,8,high-energy,low-energy,28.711,167.141,245.43,4,7.676,7.676,66.495,1,10.657,10.657,115.561,1,7,7,7,7,5,5,4,6,7,6,6,5,7,7,5,5,3,3,6,3,4,6,2,female,n,n,n,none,5,atheist,1,China,7,Chinese,6/18/12 14:32,6/18/12 14:46,high-energy,low-energy,5.278,248.681,257.408,8,65.569,148.338,153.217,2,42.157,119.358,122.834,2,6,7,7,5,5,5,3,4,7,6,6,7,7,7,5,5,4,3,5,3,5,5,2,2,FALSE,6.000694444,"MCCS1, DD2, DGHG2",Coder2,,Coder4,"MCCE3, DD1, DGHG2",Coder2,"DGHG2, DD1, MCCE3",Coder3,"DD1, MCCE3, DGHG2",Coder2,"DGHG2, DD1, MCCE3",Coder3
19,6/12/12 15:05,6/12/12 15:28,6.794,6.794,82.345,1,10.479,10.479,75.419,1,3.872,3.872,58.341,1,4,42.409,260.814,263.352,3,1,6,7,5,visible,infrared,6.451,6.451,50.317,1,3.129,3.129,43.963,1,0.91,0.91,28.081,1,6,7,6,5,5,7,3,6,8,7,6,7,7,7,7,7,5,3,5,3,3,7,7,female,y,y,y,democrat,2,other,NA,,NA,,6/18/12 12:23,6/18/12 12:31,visible,infrared,7.093,106.299,180.366,2,4.178,4.178,34.611,1,2.168,2.168,53.711,1,5,7,6,5,5,7,5,5,7,7,6,6,7,7,7,6,5,3,5,5,3,6,5,2,FALSE,5.8875,"MCCE3, DGHG3, DD3, DGHG4",Coder1,"DGHG3, DGHG4, DD3, MCCE3",Coder3,"MCCE3, DGHG3, SGHG1",Coder1,"DGHG3, DD2, MCCE3, SGHG1",Coder3,"MCCE3, DD3, DGHG3, DGHG2, MCCS1",Coder1,"MCCE3, DD3, DGHG2, MCCS1",Coder2
20,6/12/12 15:30,6/12/12 15:48,30.193,30.193,106.17,1,30.216,131.658,133.628,2,64.081,64.081,124.86,1,5,0,0,36.451,0,1,6,6,5,Sun,Artificial,21.66,21.66,65.827,1,31.618,31.618,65.189,1,9.175,9.175,60.57,1,6,4,7,7,9,4,8,4,8,8,8,6,5,7,7,9,9,9,6,5,7,6,23,male,n,n,n,none,8,other,1,Hong kong,5,Chinese,6/17/12 21:39,6/17/12 21:49,sun,heat,11.51,117.706,118.804,8,16.219,194.789,202.075,7,4.563,18.545,49.721,2,5,3,9,7,9,5,3,6,9,9,9,6,4,3,3,9,9,9,9,3,7,8,6,2,FALSE,5.25625,"MCCS1, DD3, DGHG2",Coder2,"DGHG3, DGHG2, MCCS1",Coder3,"MCCS1, DD2, MCCE3, DGHG4",Coder2,"DGHG3, DD2, MCCS1",Coder3,"DD3, DGHG3",Coder2,"DGHG3, DD2",Coder3
21,6/12/12 15:55,6/12/12 16:10,1.617,74.821,99.805,3,0.963,2.362,34.772,2,1.249,1.249,21.114,1,2,0,0,142.885,0,1,3,8,2,Forgot,Infrared,0.914,43.503,76.871,4,1.698,1.698,30.898,1,1.095,33.797,38.151,3,3,7,7,3,5,5,3,6,6,7,7,7,8,6,7,5,5,2,4,3,3,3,5,female,y,y,y,democrat,3,agnostic,NA,,NA,,6/18/12 0:33,6/18/12 0:40,heat,radioactive?,0.992,0.992,92.804,1,1.559,38.517,38.878,4,0.928,60.997,65.342,2,2,7,6,3,5,6,3,6,6,7,7,7,7,7,7,5,5,2,4,3,5,5,8,2,TRUE,5.359722222,"MCCS1, DGHG3, DGHG2, DNK1",Coder1,"DGHG3, DGHG2, DNK1, MCCS1, MCCE2",Coder3,"DD1, DGHG2, MCCE3",Coder1,"DGHG3, DGHG2, DD1, MCCE3",Coder3,"DGHG2, DD2, MCCE2, DGHG3",Coder1,"DD2, MCCE2, DGHG2",Coder2
22,6/12/12 16:00,6/12/12 16:17,2.119,135.865,163.678,2,3.884,111.76,116.788,12,3.371,33.339,39.602,4,7,28.452,28.452,32.226,1,1,1,1,9,infrared rays,radiation,1.543,123.43,151.507,2,11.735,20.951,40.881,2,1.489,1.489,24.212,1,7,9,7,1,7,4,1,4,7,6,7,9,9,6,6,3,1,1,1,1,2,5,2,female,n,n,y,none,3,atheist,1,SG,NA,,6/17/12 15:38,6/17/12 15:47,Infrared radiation,Infrared radiation,1.271,9.669,123.828,34,35.743,35.743,76.017,1,1.691,1.87,17.694,3,6,9,7,6,6,6,1,4,7,4,6,9,9,6,7,6,1,3,4,1,2,4,2,2,TRUE,4.984722222,"DGHG3, DGHG2, MCCS1, DD2",Coder3,"MCCS1, DGHG2, DD2, DGHG3",Coder1,"DGHG3, DD3, MCCS1, MCCE3, DGHG2",Coder3,"MCCS1, MCCE3, DD3, DGHG2, DGHG3",Coder5,"DGHG3, DGHG2, DD2, MCCE3",Coder3,"MCCE3, DGHG2, DD2, DGHG3",Coder1
23,6/12/12 16:08,6/12/12 16:36,4.486,135.155,229.379,9,2.278,3.323,75.789,2,1.185,28.724,80.172,2,3,154.074,191.42,207.765,7,1,1,2,7,visible,infrared,4.413,198.235,199.708,7,9.608,9.608,78.886,1,1.573,33.529,34.613,2,7,8,8,7,5,2,1,9,8,4,6,9,6,7,2,2,4,2,2,1,5,8,0,female,y,y,y,democrat,4,agnostic,NA,,NA,,6/17/12 16:56,6/17/12 17:11,visible,infrared,1.306,186.166,317.893,9,1.39,113.513,114.116,2,2.372,36.229,102.513,9,5,8,8,6,1,3,1,9,8,6,7,8,8,8,1,1,4,1,2,1,3,7,1,1,TRUE,5.033333333,"DGHG3, DGHG2, DNK2, MCCS1, SGHG1",Coder3,"MCCS1, SGHG1, DNK2, DGHG3, DGHG2",Coder1,"DGHG3, DGHG1, DD1, SGHG3",Coder3,"MCCE1, SGHG3, DD1, DGHG1, DGHG3",Coder5,"DGHG3, DGHG2, DD1, MCCE2",Coder3,"DGHG2, MCCE2, DD1, DGHG3",Coder1
24,6/12/12 16:24,6/12/12 16:50,1.599,189.546,265.455,9,1.115,101.955,133.078,3,1.575,1.575,53.909,1,4,110.833,110.833,120.583,1,1,4,4,5,visible,infrared,9.22,65.771,70.95,2,1.981,1.981,84.995,1,0.977,78.57,85.356,3,6,7,7,4,5,5,3,4,9,7,7,6,7,6,5,5,5,5,5,3,5,5,3,male,n,n,y,none,5,buddhist,1,Singapore,NA,,6/18/12 21:35,6/18/12 21:44,visible,infrared and visible,9.186,18.598,170.11,3,10.535,83.78,87.045,5,1.144,1.144,75.124,1,6,6,5,5,5,5,3,5,9,7,6,6,6,7,5,4,5,5,5,3,5,5,3,2,TRUE,6.215972222,"DD2, DGHG2, DGHG3, MCCE2, MCCQ2",Coder4,"MCCQ2, DD2, DGHG3, DGHG2, MCCE2",Coder1,"MCCQ2, DD1, DGHG1, DGHG3",Coder5,"MCCQ2, DD1, DGHG1",Coder2,"MCCQ2, DD1, DGHG1, DGHG3",Coder5,"MCCQ2, DD1, DGHG1",Coder2
25,6/12/12 16:56,6/12/12 17:13,2.802,104.362,107.843,5,8.461,12.217,112.496,3,3.102,3.102,38.921,1,3,0,0,162.163,0,1,5,2,3,visible,visible,2.628,2.628,51.376,1,2.538,2.538,59.454,1,1.713,1.713,13.27,1,5,7,8,7,9,8,5,3,7,5,8,3,6,3,8,9,8,8,8,7,2,5,5,male,n,n,y,none,5,protestant / other christian,1,Singapore,NA,,6/18/12 14:23,6/18/12 14:30,visible and infrared,visible,2.49,55.42,81.551,4,4.793,16.039,72.527,4,3.008,3.008,22.095,1,3,6,7,7,7,7,5,5,8,5,7,3,5,5,7,9,8,8,6,6,3,5,3,2,FALSE,5.89375,"DGHG3, DGHG2, DD3, MCCQ2",Coder3,"MCCQ2, DD3, DGHG2, DGHG3",Coder5,"DGHG3, DGHG2, MCCQ2, DD3",Coder3,"MCCQ2, DD2, DGHG2, DGHG3",Coder5,"DGHG3, DGHG2, DD2, MCCE2",Coder3,"MCCE2, DD2, DGHG2, DGHG3",Coder5
26,6/12/12 17:19,6/12/12 17:35,1.228,77.995,78.665,7,2.342,46.549,82.871,5,0.771,52.928,53.632,7,5,3.748,146.813,148.105,70,1,1,2,5,visible,infrared,1.018,62.407,96.543,8,1.758,42.784,53.99,4,1.088,33.46,56.748,2,6,9,8,1,1,1,1,4,7,8,7,8,9,6,8,1,1,1,1,1,1,6,3,male,n,n,y,libertarian,3,atheist,1,Singapore,NA,,6/18/12 16:35,6/18/12 16:39,visible,infrared,0.631,58.927,62.194,4,0.976,50.802,52.208,4,0.558,43.984,46.146,7,6,8,7,5,1,1,1,4,7,7,6,8,9,6,6,1,1,1,1,1,3,6,3,2,TRUE,5.969444444,"DGHG3, DGHG2, DD1, MCCE1, SGHG1",Coder3,"MCCE1, DD2, DGHG3, DGHG2",Coder1,"DGHG3, DGHG1, DD1, MCCE1",Coder3,"MCCE1, DD1, DGHG1, DGHG3",Coder5,"DGHG3, DGHG1, DD1, MCCE2",Coder3,"DGHG1, DD1, MCCE2, DGHG3",Coder1
27,6/12/12 18:39,6/12/12 19:16,2.012,327.868,357.929,3,3.234,51.819,83.5,3,48.873,48.873,91.147,1,8,0,0,25.919,0,1,2,2,8,visible,infrared,1.108,11.602,575.088,2,597.38,597.38,621.02,1,5.469,5.469,33.957,1,8,7,8,5,1,7,1,6,5,5,7,7,8,8,6,3,1,1,1,5,4,6,9,female,y,y,y,democrat,2,atheist,NA,,NA,,6/18/12 16:12,6/18/12 16:19,visible,infrared,1.121,63.539,66.2,2,5.423,5.423,39.542,1,1.741,1.741,42.168,1,8,7,8,5,1,5,1,4,5,5,7,8,8,7,7,3,1,1,2,3,2,6,9,2,FALSE,5.897916667,"DGHG1, DD1, MCCE2, DGHG3",Coder1,"DD1, MCCE2, DGHG1",Coder2,"DD1, DGHG3, DGHG1, MCCE2",Coder1,"DD1, DGHG1, MCCE2",Coder2,"MCCE2, DD1, DGHG3, DGHG1",Coder1,"MCCE2, DD1, DGHG1",Coder2
28,6/12/12 18:55,6/12/12 19:30,4.18,353.643,356.245,6,7.732,489.683,492.358,6,4.387,57.963,79.644,5,7,10.115,63.772,64.112,21,1,1,1,7,infrared,low-energy infrared,9.455,119.791,241.035,5,7.917,76.708,85.8,4,1.803,17.476,43.497,3,6,4,6,7,5,5,5,6,7,4,6,6,6,6,3,6,5,5,5,4,6,6,3,female,n,n,y,none,5,protestant / other christian,1,Singapore,NA,,6/18/12 12:36,6/18/12 12:46,radiation,radiation,2.372,88.099,183.765,4,9.889,28.178,91.397,3,4.953,5.402,34.834,2,7,6,7,7,5,4,6,3,7,4,7,3,7,7,4,6,5,5,5,6,6,6,3,2,FALSE,5.736805556,"MCCS1, MCCE2, DD2, DGHG2",Coder2,,Coder4,"MCCS4, MCCE2, DD1, DGHG1",Coder2,,Coder4,"DD1, MCCE2, DGHG2",Coder2,,Coder4
29,6/12/12 19:17,6/12/12 19:48,1.564,147.194,194.452,2,1.955,1.955,134.405,1,6.983,66.361,316.398,2,3,0,0,131.398,0,1,1,3,8,visable,infrared,5.388,5.388,121.263,1,1.903,29.872,64.071,2,0.96,70.965,73.579,2,5,6,7,7,8,6,2,7,7,7,8,4,8,6,3,8,7,6,9,6,4,3,60,male,y,y,y,libertarian,3,agnostic,NA,,NA,,6/18/12 16:18,6/18/12 16:33,Visible,Infrared,7.363,7.363,138.157,1,21.89,21.89,131.031,1,11.525,11.525,87.699,1,4,4,7,7,7,6,3,7,7,6,6,4,7,6,6,7,7,4,7,3,6,4,62,2,TRUE,5.875694444,"DD3, MCCE3, DGHG2, DGHG3, MCCS3",Coder4,"MCCS3, DD3, DGHG3, DGHG4, MCCE3",Coder1,"MCCE1, DD1, DGHG1, DGHG3",Coder5,"MCCE2, DD1, DGHG1",Coder2,"MCCE2, DD1, DGHG1, DGHG3",Coder5,"MCCE2, DD1, DGHG1",Coder2
30,6/12/12 20:00,6/12/12 20:14,1.354,1.354,64.553,1,1.489,1.489,104.75,1,2.277,2.277,44.661,1,2,1.381,1.381,75.778,1,1,1,1,5,infrared,infrared,2.484,2.484,37.8,1,1.235,1.235,69.958,1,1.577,1.577,24.822,1,3,7,7,5,3,1,1,7,7,5,8,8,9,5,6,3,3,2,3,3,1,3,5,female,n,n,y,none,2,atheist,1,Singapore,NA,,6/18/12 12:44,6/18/12 12:53,active,active,4.095,70.757,95.281,2,15.735,26.496,78.074,3,5.465,5.465,31.779,1,2,6,9,5,4,3,2,9,9,3,9,7,9,3,4,3,3,1,3,2,2,4,4,2,FALSE,5.697222222,"MCCS4, DGHG4",Coder2,"DGHG3, DGHG4, DD2",Coder3,"MCCE3, DD2, DGHG2",Coder2,,Coder4,"MCCE2, SGHG1, DD2, MCCS4, DGHG2",Coder2,,Coder4
31,6/12/12 20:17,6/12/12 22:13,0.996,90.014,125.913,4,1.022,82.531,85.646,10,1.246,97.455,98.085,5,3,13.552,236.56,244.242,8,1,1,7,9,visible,infrad,7.965,151.939,152.231,3,1.813,1.813,64.273,1,3.183,3.183,45.981,1,5,7,6,5,5,5,2,4,7,6,7,7,8,6,5,5,5,3,5,2,3,5,5,female,n,n,n,none,5,buddhist,5,East Asia,6,Korean,6/17/12 15:18,6/17/12 15:32,visible,infrared,2.247,233.894,236.224,6,2.421,15.991,75.482,12,5.583,6.186,69.771,2,5,7,6,5,5,3,2,4,7,7,7,7,8,6,3,3,5,2,7,2,3,6,5,2,FALSE,4.792361111,"DNK1, DGHG3, DGHG4, MCCQ1",Coder3,"MCCQ1, DNK1, DGHG3, DGHG4",Coder5,"DGHG3, DGHG2, DD1, MCCE1, MCCS1",Coder3,"MCCE3, MCCS1, DD1, DGHG2, DGHG3",Coder5,"DGHG3, DGHG1, DD1, MCCE1",Coder3,"DD1, MCCE1, DGHG3, DGHG1",Coder1
32,6/12/12 21:46,6/12/12 22:23,12.744,336.16,411.399,18,63.659,63.659,127.362,1,12.033,12.033,38.171,1,6,0,0,201.387,0,1,1,1,7,visible,infrared,10.435,10.435,40.21,1,37.023,245.175,254.895,12,31.307,31.307,123.4,1,6,8,9,2,7,5,1,9,9,8,9,8,6,3,6,5,3,1,2,1,1,5,30,female,y,y,y,green,1,spiritual but not religious,NA,,NA,,6/17/12 18:10,6/17/12 18:51,UV,IR,3.439,1627.489,1630.934,37,12.888,119.113,142.854,3,7.337,101.009,143.528,12,5,8,8,3,7,4,1,8,8,8,8,8,9,5,7,7,3,1,5,1,1,5,9,2,FALSE,4.85,"MCCE1, MCCS1, DGHG4, DD2, DGHG2",Coder1,"MCCE1, MCCS1, DD2, DGHG2",Coder2,"DNK2, DD1, DGHG2",Coder1,"DNK2, DD1, DGHG1, MCCE2, DGHG3",Coder3,"MCCE1, MCCS1, DD2, DGHG3, DGHG1",Coder1,"MCCE1, MCCS1, DD2, DGHG3, DGHG1",Coder2
33,6/12/12 22:36,6/12/12 23:09,1.833,57.847,164.057,10,3.092,131.588,134.167,11,3.233,11.709,54.84,8,5,11.473,11.473,12.219,1,1,3,3,6,visible,infrared,1.271,205.404,207.508,21,2.289,81.845,82.714,18,0.931,29.96,35.719,8,5,4,7,1,6,6,4,6,7,7,6,4,6,7,7,7,6,4,6,5,1,6,3,female,n,n,n,none,5,decline to state,1,China,6,Mandarin and Cantonese,6/18/12 13:26,6/18/12 13:37,visible,Infrared,1.357,102.832,103.339,12,3.811,174.591,180.864,11,2.182,2.889,32.446,3,4,4,7,3,6,7,3,6,7,7,7,4,6,5,6,6,6,3,6,5,1,6,3,2,FALSE,5.618055556,"MCCS1, SGHG3, MCCE2, DD3, DGHG1",Coder1,"MCCS1, SGHG3, MCCE2, DD3, DGHG1",Coder2,"MCCE3, DD1, DGHG3",Coder1,"DGHG1, DD1, MCCE3, SGHG1",Coder3,"DGHG4, DD1, DGHG3",Coder1,"DGHG4, DD1, DGHG3",Coder2
34,6/12/12 23:18,6/13/12 1:31,1.782,70.595,211.957,2,6.869,189.543,198.053,2,4.879,40.092,48.64,3,4,0,0,94.487,0,1,1,1,8,visible,infrared,4.85,1272.298,1380.216,6,6.788,5127.732,5135.802,6,2.72,52.307,83.764,4,5,6,9,4,7,7,3,3,7,6,9,8,8,6,9,9,3,8,7,4,1,6,8,female,n,n,y,democrat,2,catholic,1,Singapore,NA,,6/18/12 0:42,6/18/12 0:53,ultraviolet,infrared,1.834,131.367,162.045,3,2.484,59.439,114.313,3,1.949,1.949,24.12,1,5,7,8,5,8,9,3,2,7,9,8,7,3,6,9,8,5,6,7,6,2,5,12,2,FALSE,5.058333333,"DGHG3, DGHG2, DD3, MCCS1, MCCS4",Coder3,"MCCS1, MCCE2, DD3, DGHG2, DGHG3",Coder5,"DGHG3, DGHG2, DD1, MCCE1",Coder3,"MCCE1, DD1, DGHG2, DGHG3",Coder5,"DGHG3, DGHG2, DD1, MCCE2",Coder3,"MCCE2, DD1, DGHG2, DGHG3",Coder5
35,6/13/12 8:16,6/13/12 8:53,8.472,8.472,161.556,1,10.554,10.554,125.545,1,2.544,2.544,67.761,1,5,87.213,87.213,124.402,1,1,5,5,5,visible,ultraviolet,1.482,952.195,1028.249,3,1.77,7.109,56.967,2,1.647,1.647,102.91,1,5,5,7,1,5,5,1,8,7,9,7,5,9,7,5,5,5,1,5,1,1,7,0,female,n,n,n,none,3,agnostic,1,CHINA,1,Chinese,6/17/12 22:59,6/17/12 23:17,all kinds of,ultraviolet,1.835,37.288,62.62,5,1.542,95.939,104.511,8,474.79,534.401,566.034,3,5,5,7,5,5,5,1,5,7,7,7,5,5,7,5,5,5,1,5,1,5,7,1,2,FALSE,4.613194444,"DD2, DGHG1",Coder2,"DGHG3, DGHG1, DD2, SGHG1, MCCQ1",Coder3,"MCCS1, SGHG1, DD1, DGHG1",Coder2,"DGHG3, DGHG1, DD2, MCCS1, SGHG1",Coder3,"MCCS1, DD1, DGHG1",Coder2,"DGHG3, DGHG1, DD3, MCCS1, MCCS2",Coder3
36,6/13/12 10:37,6/13/12 10:58,3.103,49.362,125.712,3,1.461,1.461,109.139,1,6.623,6.623,61.317,1,2,0,0,243.384,0,1,5,8,3,visible,infrared,0.874,0.874,103.251,1,3.428,3.428,42.05,1,1.894,1.894,31.417,1,6,5,6,4,5,5,4,6,6,6,7,5,6,6,5,6,5,2,5,4,4,6,7,female,y,y,y,independent,3,jewish,NA,,NA,,6/18/12 21:45,6/18/12 22:27,visible,infrared,2.369,118.032,147.178,15,2.75,36.093,89.971,2,3.492,3.492,29.498,1,6,5,6,4,5,5,4,6,6,6,6,5,6,6,5,5,5,2,5,5,4,6,7,2,FALSE,5.463888889,"MCCS1, DD3, DNK1",Coder5,"MCCS1, DD3, DNK1",Coder2,"DD2, DGHG3, DGHG4, MCCS1",Coder4,"DD2, DGHG4, MCCE1, MCCS1, DGHG3",Coder1,"MCCE2, DD1, DGHG1, DGHG3",Coder5,"MCCE3, DD1, DGHG1",Coder2
37,6/13/12 10:40,6/13/12 11:24,55.93,251.084,388.754,2,27.115,261.816,292.068,4,24.751,24.751,160.406,1,7,0,0,188.436,0,1,1,1,8,sunlight,infrared,9.793,9.793,404.545,1,5.993,5.993,21.247,1,1.453,1.453,14.948,1,8,8,9,3,9,9,2,8,9,8,9,9,9,7,9,9,9,1,9,2,1,7,5,male,n,n,n,democrat,3,catholic,1,Mexico,14,Spanish,6/19/12 17:19,6/19/12 17:34,sunlight,infrared,8.088,8.088,325.504,1,13.114,13.114,23.613,1,1.436,1.436,9.329,1,8,8,9,3,9,9,2,8,9,8,9,8,9,7,9,9,9,1,9,2,1,7,5,2,FALSE,6.277083333,"MCCQ2, DD1, DGHG3, DGHG1, MCCE3",Coder1,"MCCQ2, MCCE3, DD1, DGHG1",Coder2,"DD1, DGHG1, MCCE1, DNK2",Coder1,"DD1, DGHG1, MCCE1, DNK2",Coder2,"DD1, DGHG1, MCCE1, DNK2",Coder1,"DNK2, DD1, MCCE1, DGHG1",Coder3
38,6/13/12 12:14,6/13/12 12:26,2.378,2.378,86.105,1,7.837,7.837,119.385,1,2.258,9.753,40.385,3,2,0,0,3.317,0,1,4,4,3,visible,infrared,3.626,54.875,88.924,2,0.929,0.929,25.622,1,1.776,1.776,44.055,1,4,4,7,9,9,9,9,8,8,1,7,3,1,3,9,9,9,9,9,9,2,5,2,male,y,y,y,republican,7,protestant / other christian,NA,,NA,,6/17/12 17:19,6/17/12 17:24,visible,infrared,1.378,30.3,60.749,2,4.932,4.932,29.797,1,1.989,1.989,31.978,1,3,1,8,9,9,9,9,6,7,2,8,1,5,5,9,9,9,9,9,9,4,5,2,2,FALSE,4.211805556,"MCCE3, DGHG3, MCCS1, MCCS3",Coder4,"MCCS1, DD3, DGHG3, MCCE3, MCCS3",Coder1,"MCCS1, MCCS4, DD1, DGHG1",Coder5,"MCCS1, MCCS4, DD1, DGHG1",Coder2,"DD1, DGHG3, DGHG4, MCCS1",Coder4,"MCCS1, DD1, DGHG3, DGHG2",Coder1
39,6/13/12 13:32,6/13/12 13:51,21.466,21.466,28.662,1,67.994,162.798,165.815,3,3.493,35.053,35.43,2,3,2.248,3.333,3.634,2,1,5,7,5,UV,UV,49.643,49.643,61.611,1,2.496,15.815,16.196,4,1.225,4.967,5.29,3,2,4,7,5,2,6,7,4,5,6,5,4,7,2,2,3,1,5,5,2,4,7,33,male,y,y,y,none,2,atheist,NA,,NA,,6/17/12 15:56,6/17/12 15:59,uv,uv,2.449,2.449,11.823,1,4.5,4.5,8.081,1,10.312,10.312,14.426,1,4,8,5,8,4,5,3,4,7,4,3,2,8,5,3,4,6,5,5,2,4,4,33,2,TRUE,4.1,DNK1,Coder1,DNK1,Coder3,"MCCQ2, DNK1, DGHG4",Coder1,"MCCQ2, DNK1, DGHG4",Coder2,"DNK1, DGHG4",Coder1,"DGHG4, DNK1",Coder3
40,6/13/12 14:13,6/13/12 14:43,9.257,9.257,194.5,1,8.267,12.931,161.746,2,5.543,87.841,120.733,6,5,12.197,156.119,248.984,4,1,4,5,5,visible,visible and infrared,38.964,227.205,243.857,7,3.347,32.53,90.684,4,2.097,111.208,125.255,11,7,7,8,3,7,6,5,7,9,9,9,7,8,8,6,6,7,1,6,3,4,7,2,female,n,n,n,none,5,hindu,1,India,16,Malayalam,6/18/12 17:02,6/18/12 17:13,visible,visible and infrared,10.908,10.908,189.043,1,6.6,6.6,115.79,1,2.004,2.004,56.716,1,6,7,8,2,7,5,5,7,9,9,9,7,8,8,6,6,5,2,6,4,3,7,2,2,TRUE,5.117361111,"DGHG3, DGHG4, MCCS4, MCCS1, SGHG2, DD2, MCCE2",Coder3,"MCCS1, MCCS4, DD2, DGHG3, DGHG4",Coder5,"DGHG3, DGHG1, DD1, MCCE1",Coder3,"DD1, DGHG1, DGHG3, MCCE1",Coder1,"DGHG3, DGHG1, DD1, MCCS1, MCCE1",Coder3,"DD1, MCCE1, MCCS1, DGHG3, DGHG1",Coder1
41,6/13/12 16:43,6/13/12 17:18,10.742,99.483,267.514,2,10.1,10.1,135.908,1,21.87,21.87,75.327,1,5,0,0,229.446,0,1,1,2,7,visible,infared,8.029,8.029,37.794,1,4.359,4.359,73.811,1,6.611,6.611,72.665,1,7,8,9,3,6,7,1,7,7,9,9,7,9,9,9,7,3,1,5,1,1,9,7,female,y,y,y,none,2,spiritual but not religious,NA,,NA,,6/18/12 14:17,6/18/12 14:41,visible,infared,8.499,482.195,503.165,11,21.265,258.304,262.095,2,25.356,25.356,67.305,1,6,7,9,1,7,6,1,8,7,8,9,6,9,7,9,4,3,1,5,1,1,6,7,2,FALSE,4.898611111,"MCCS1, DGHG2, DGHG3, MCCS4",Coder4,"MCCS1, MCCE2, MCCS4, DGHG3, DGHG4",Coder1,"DNK2, DD1, DGHG3, DGHG4",Coder5,"DNK2, DD1, DGHG2",Coder2,"DD1, DGHG1, DGHG3, MCCE2, MCCS4",Coder4,"DD1, DGHG1, MCCE2",Coder1
42,6/13/12 20:29,6/13/12 21:22,14.158,201.003,405.349,11,36.944,36.944,126.418,1,14.097,14.097,19.544,1,4,12.729,98.274,237.859,2,1,8,5,3,visible,infrared,9.096,9.096,177.188,1,14.87,14.87,18.785,1,7.856,7.856,29.777,1,7,6,8,7,8,8,3,7,8,7,8,4,7,7,8,8,4,4,7,7,3,7,5,female,y,y,y,democrat,5,spiritual but not religious,NA,,NA,,6/18/12 11:43,6/18/12 12:00,visible,infrared,4.165,4.165,123.802,1,6.63,6.63,17.113,1,4.977,4.977,27.098,1,6,3,8,7,8,7,3,4,8,7,8,4,6,7,7,7,4,4,7,7,3,7,5,2,TRUE,4.634722222,"MCCS3, MCCS4, SGHG2, DNK2",Coder1,"MCCS3, MCCS4, SGHG2, DNK2",Coder2,"DD1, DGHG1, DNK2, MCCE3",Coder1,"DGHG1, DNK2, DD1, MCCE2",Coder3,"DD1, MCCE3, DNK2, DGHG3, DGHG2",Coder1,"DGHG3, DGHG2, DNK2, MCCE2, DD1",Coder3
43,6/13/12 22:02,6/13/12 22:42,2.789,559.634,581.577,13,17.785,392.32,394.786,8,17.397,17.397,200.164,1,4,9.661,45.526,47.687,3,1,1,2,9,visible,infrared,1.552,1.552,121.059,1,49.857,119.696,122.306,5,0.784,0.784,61.304,1,5,5,7,5,5,5,5,2,5,7,5,5,5,7,6,5,5,5,5,5,5,7,10,female,n,n,n,none,5,decline to state,1,China,1,Chinese,6/18/12 0:06,6/18/12 0:29,visible,invisible,3.516,282.691,290.169,7,1.058,270.344,278.168,2,0.563,290.616,374.584,2,3,5,5,5,5,3,5,5,5,5,5,5,5,8,5,5,5,5,5,5,5,5,8,2,FALSE,4.086111111,"MCCS4, DD3, DGHG3, DGHG1",Coder1,"DGHG3, DGHG1, DD2, MCCS4",Coder3,"DD1, DGHG1, MCCE1, MCCS1, DGHG3",Coder1,"DGHG3, DGHG1, DD1, MCCE1, MCCS1",Coder3,"DGHG2, MCCE3, DGHG3, DD3",Coder1,"MCCE3, DGHG2, DD2",Coder2
44,6/14/12 0:39,6/14/12 1:02,5.257,5.257,58.437,1,17.737,17.737,128.216,1,6.848,6.848,45.521,1,5,0,0,189.275,0,1,1,1,8,visible,infrared,3.759,3.759,56.987,1,6.802,96.675,100.232,8,1.903,104.613,107.499,4,7,9,9,7,1,1,1,9,9,7,9,9,9,6,1,1,1,1,1,1,6,6,0,male,y,y,y,democrat,3,jewish,NA,,NA,,6/18/12 23:57,6/19/12 0:03,visible,ultraviolet,3.217,49.111,54.172,2,10.952,70.463,73.131,2,3.727,22.369,34.727,2,7,9,9,7,1,1,1,9,9,7,9,9,9,5,1,1,1,1,1,1,5,7,0,2,FALSE,4.970833333,"MCCE2, DD2, DGHG2, DGHG3",Coder5,"MCCE2, DD2, DGHG2",Coder2,"MCCE1, MCCS1,  DD1, DGHG1, DGHG3",Coder5,"MCCE1, MCCS1,  DD1, DGHG1",Coder2,"MCCE1, DD1, DGHG1, DGHG3",Coder5,"MCCE1, DD1, DGHG1",Coder2
45,6/14/12 5:56,6/14/12 6:30,11.357,11.357,153.676,1,32.354,176.302,199.925,6,8.312,8.312,113.097,1,7,0,0,174.527,0,1,2,2,8,infrared,visible,10.719,10.719,86.317,1,9.245,9.245,74.484,1,1.918,1.918,20.503,1,8,7,6,9,9,8,7,3,6,7,7,3,2,8,1,9,9,9,9,7,4,7,9,male,n,n,y,none,2,muslim,2,Pakistan,NA,,6/18/12 2:17,6/18/12 2:33,infrared,visible,9.258,9.258,82.64,1,15.426,156.482,244.372,2,1.712,162.167,169.961,6,7,8,7,8,9,9,8,4,7,7,8,3,2,8,1,9,9,9,9,9,7,8,9,2,TRUE,3.847916667,"DGHG3, DGHG4, DD2",Coder3,"DD2, DGHG3, DGHG4",Coder5,"DNK2, SGHG1",Coder3,"DNK2, DD2, SGHG1",Coder1,"DGHG3, DGHG2, DD2, SGHG1, MCCE2",Coder3,"DD2, MCCE2, DGHG2, DGHG3",Coder5
46,6/14/12 8:48,6/14/12 9:34,5.876,312.465,318.434,19,67.153,71.331,107.038,2,83.492,165.196,166.199,7,6,206.313,263.026,278.728,2,1,7,5,5,visible,infrared,87.68,261.06,327.624,3,1.307,1.307,45.961,1,1.31,37.284,118.913,2,7,7,8,2,7,8,6,4,8,8,8,6,7,8,8,8,8,5,7,4,2,7,4,female,y,y,y,democrat,3,protestant / other christian,NA,,NA,,6/17/12 15:55,6/17/12 16:11,visible,infrared,1.421,292.802,333.392,5,1.708,10.592,27.761,5,1.761,1.761,120.65,1,7,7,7,4,7,7,3,4,8,7,8,7,7,7,8,8,7,6,8,4,2,7,4,2,TRUE,3.296527778,"MCCS4, MCCE2, DD3, DGHG2",Coder2,,Coder4,"DD1, MCCS1, MCCE3, SGHG1, DGHG1",Coder2,,Coder4,"DD1, SGHG1, MCCE2, DGHG1",Coder2,,Coder4
47,6/14/12 9:58,6/14/12 10:13,2.209,2.209,93.739,1,1.179,88.544,89.121,2,1.166,1.166,70.216,1,2,21.341,22.424,135.287,3,1,1,1,1,visible,infrared,9.275,9.275,72.259,1,0.952,0.952,41.603,1,1.128,1.128,59.06,1,3,7,5,5,5,5,3,5,5,5,7,7,7,7,7,5,5,5,5,6,3,7,0,male,y,y,y,independent,5,agnostic,NA,,NA,,6/20/12 5:55,6/20/12 6:02,visible,I don't remember.,7.962,7.962,136.812,1,11.962,11.962,44.377,1,2.096,2.096,33.506,1,3,6,5,5,5,5,5,5,5,6,8,8,8,7,7,5,5,5,5,5,4,7,0,2,TRUE,5.83125,"SGHG1, MCCS4, DGHG3",Coder2,"DGHG3, SGHG1, MCCS4",Coder3,"MCCE3, SGHG2, DD1, DGHG2",Coder2,,Coder4,"MCCS3, MCCE4, DD1, DGHG3",Coder2,,Coder4
48,6/14/12 10:30,6/14/12 10:43,1.078,11.463,75.845,3,1.039,31.865,79.581,3,1.223,7.189,24.962,2,5,0,0,4.428,0,1,3,5,8,visible,invisible,1.062,52.62,53.201,2,1.124,15.541,39.197,4,0.82,0.82,57.448,1,5,8,8,4,5,9,1,5,7,6,8,8,7,3,8,2,2,2,2,1,2,5,9,female,y,y,n,none,5,buddhist,NA,,14,Mandarin Chinese,6/17/12 23:50,6/17/12 23:57,visible,invisible,0.847,0.847,45.91,1,0.818,4.218,43.644,2,1.753,2.661,15.206,2,5,9,8,4,7,9,1,4,7,7,8,8,8,7,9,2,2,3,2,2,3,5,9,2,TRUE,3.555555556,"MCCE4, DGHG4",Coder5,"MCCE4, DD2, DGHG4",Coder2,"MCCE2, DD2, DGHG3",Coder5,"MCCE2, DD1, DGHG3",Coder2,"DD2, SGHG2, DGHG3, MCCE3",Coder4,"DGHG2, MCCE3, DD2",Coder1
49,6/14/12 11:53,6/14/12 12:10,1.752,277.446,278.834,12,9.023,147.298,153.134,4,3.315,3.315,41.34,1,2,36.645,36.645,39.843,1,1,2,2,5,visible,infrared,5.132,22.038,68.869,3,2.241,2.241,26.543,1,1.266,1.266,16.555,1,4,6,9,4,9,9,7,7,9,7,7,3,6,7,9,9,9,9,9,9,3,6,0,female,n,n,y,none,5,decline to state,1,South-East Asia,NA,,6/18/12 22:45,6/18/12 22:50,visible,infrared,22.302,22.302,67.788,1,1.761,1.761,41.708,1,6.473,6.473,21.777,1,4,5,8,4,9,9,9,7,8,7,8,1,5,7,9,9,9,9,9,9,3,7,0,2,FALSE,4.452777778,"MCCS1, DD2, DGHG2",Coder2,,Coder4,"MCCQ2, DD1, MCCE1, DGHG1",Coder2,"DGHG1, DD1, MCCQ2",Coder3,"DD1, DGHG1",Coder2,,Coder4
50,6/14/12 13:10,6/14/12 13:29,2.81,158.295,177.301,6,3.923,39.221,57.329,6,37.189,37.189,47.017,1,2,113.231,122.027,144.895,7,1,1,1,8,visible,infrared,1.118,3.908,63.178,2,1.803,3.093,11.338,2,1.948,19.678,33.453,2,4,4,8,3,9,9,9,7,7,6,7,5,5,6,8,9,9,8,9,8,1,5,5,female,y,y,n,none,5,protestant / other christian,NA,,15,Chinese (Cantonese),6/17/12 16:01,6/17/12 16:20,visible,infrared,4.107,6.747,83.465,3,32.226,32.226,35.887,1,102.153,102.153,139.549,1,3,1,7,3,9,9,9,7,7,6,7,1,5,6,9,9,9,9,9,9,1,5,5,2,TRUE,3.11875,"DGHG3, MCCE2, DNK2",Coder4,"MCCE2, DGHG3, DNK2",Coder1,"DD1, DGHG1, DGHG3, DNK2, MCCE3",Coder5,"DD1,  MCCE3, DGHG1, DNK2",Coder2,"DD1, MCCE2, DGHG1, DGHG3, DNK2",Coder4,"DD1, MCCE2, DNK2, DGHG3, DGHG1",Coder1
51,6/14/12 14:29,6/14/12 14:52,8.421,87.452,101.229,3,4.806,25.884,21.345,3,1.186,39.519,51.291,3,4,4.224,80.858,81.163,9,1,6,7,4,visible,infared,1.343,236.685,241.042,15,4.325,38.466,40.402,3,3.308,30.483,49.468,2,5,7,7,5,8,5,3,5,7,7,7,7,7,6,6,4,4,6,6,3,3,6,100,male,y,n,n,democrat,4,protestant / other christian,15,South Korea,15,Korean,6/18/12 17:42,6/18/12 17:48,visible,infared,0.87,149.538,170.52,10,1.16,52.57,53.412,3,1.082,15.557,15.943,2,5,7,6,3,6,5,3,4,7,7,7,7,7,6,5,5,5,5,5,3,4,5,100,2,TRUE,4.134027778,"DD2, DGHG2, DNK1",Coder4,"SGHG1, DNK1, DGHG3, DGHG2",Coder1,"MCCE1,  DD2, DGHG1, DGHG3",Coder5,"MCCE1,  DD2, DGHG1",Coder2,"MCCE1, DD1, DGHG1, DGHG3",Coder5,"MCCE3, DD1, DGHG1",Coder2
52,6/14/12 16:06,6/14/12 16:24,2.011,120.088,122.545,5,3.307,3.307,69.895,1,1.096,54.774,55.376,3,6,0,0,135.782,0,1,3,4,8,visible,infared,1.056,1.056,78.998,1,0.891,0.891,43.88,1,0.884,0.884,79.069,1,7,8,8,2,2,2,1,7,8,7,9,8,9,7,3,1,1,1,1,1,4,7,2,male,y,y,n,democrat,1,jewish,NA,,10,Hebrew,6/17/12 16:45,6/17/12 16:56,visible,infared,1.284,1.284,79.115,1,1.108,25.935,83.456,3,1.329,1.329,83.177,1,7,8,8,2,1,1,1,8,8,8,9,8,9,7,3,1,1,2,1,1,4,7,2,2,FALSE,3.027083333,"MCCS1, MCCS4, DD2, DGHG3",Coder5,"MCCS1, MCCS4, DD2, DGHG3",Coder2,"MCCS1, MCCE3, DD1, DGHG1, DGHG3",Coder5,"MCCS1, MCCE3, DD1, DGHG1",Coder2,"DD1, DGHG1, DGHG3, MCCS1",Coder4,"DGHG1, DD1, DGHG3, MCCS1",Coder1
53,6/14/12 17:13,6/14/12 17:28,26.686,26.686,67.344,1,26.675,26.675,62.87,1,3.025,17.46,62.305,2,5,0,0,113.527,0,1,1,1,9,visibile,infrared,7.965,7.965,80.914,1,3.771,26.115,26.518,2,1.407,1.407,28.899,1,5,7,7,5,5,5,5,7,7,7,7,7,7,5,6,5,5,3,5,3,1,5,9,female,y,y,y,democrat,3,spiritual but not religious,NA,,NA,,6/17/12 15:11,6/17/12 15:20,visible,infrared,21.856,120.096,188.247,4,1.093,19.262,23.292,4,1.163,1.163,11.399,1,5,7,8,5,5,5,5,7,7,6,7,7,7,5,6,5,5,5,5,3,1,5,9,2,TRUE,2.915277778,"DGHG3, DGHG2, DD3, SGHG1, MCCE2",Coder3,"MCCE2, DD3, DGHG2, DGHG3",Coder5,"DGHG2, DD1, MCCE3",Coder3,"DD1, MCCE3, DGHG2",Coder1,"DGHG3, DGHG2, DD1, MCCE2",Coder3,"DD1, DGHG2, DGHG3, MCCE2",Coder1
54,6/14/12 19:45,6/14/12 20:20,1.754,262.285,300.584,4,96.02,96.92,187.563,2,1.206,142.983,194.747,3,5,0,0,209.953,0,1,6,7,5,visible infrared and ultraviolet,visible ultraviolet,1.679,37.623,85.584,5,2.237,71.956,83.993,8,1.183,1.183,44.917,1,8,5,8,7,5,5,4,4,8,7,8,3,7,7,5,5,5,5,5,5,4,8,0,male,n,n,n,none,5,decline to state,1,China,4,Chinese,6/17/12 21:12,6/17/12 21:26,"visible, infrared and ultraviolet  ",visible and ultraviolet,1.166,178.391,244.278,9,1.669,1.669,68.304,1,1.026,1.026,48.715,1,7,5,8,8,5,5,5,6,7,7,7,6,6,7,5,5,6,3,5,5,4,6,NA,2,TRUE,3.060416667,"DGHG3, DGHG1, DD1, SGHG1",Coder3,"SGHG1, DD2, DGHG3, DGHG1",Coder1,"DGHG3, DGHG1, DD2, DGHG2, MCCE2",Coder3,"MCCE2, DD2, DGHG3, DGHG1",Coder1,"DGHG3, DGHG1, DD2, MCCE2, DGHG2",Coder3,"MCCE2, DD2, DGHG3, DGHG1",Coder1
55,6/14/12 17:57,6/14/12 21:16,10.702,103.552,104.145,2,1.279,50.357,52.073,2,1.232,1.232,11.294,1,2,11095.605,11095.605,11196.428,1,1,4,2,6,visible,infrared,3.593,3.593,65.634,1,0.962,0.962,37.669,1,1.722,1.722,8.913,1,5,7,6,5,3,5,2,4,5,4,5,7,7,6,5,4,4,5,3,2,4,5,2,female,y,n,y,democrat,4,buddhist,16,China,NA,,6/17/12 16:11,6/17/12 22:34,visible,infrared,2.511,87.226,103.013,3,5.254,175.564,176.185,7,215.064,321.175,321.946,2,3,7,6,6,3,5,2,4,6,5,6,5,5,6,5,3,3,5,2,1,3,3,2,2,TRUE,2.926388889,"MCCS2, DNK1, DGHG3",Coder5,"MCCS2, DNK1, DGHG3",Coder2,"DD1, MCCE3, DNK1",Coder4,"MCCE3, DD1, DNK1",Coder1,"DD1, DNK1, DGHG3, MCCE3",Coder4,"MCCE3, DD1, DGHG3",Coder1
56,6/14/12 21:22,6/14/12 22:10,1.895,46.846,312.516,3,1.159,264.67,313.937,7,7.322,251.789,272.246,5,7,0,0,100.592,0,1,1,1,7,white,infrared,1.11,259.617,278.457,6,1.16,215.988,229.651,4,1.086,1.086,215.389,1,8,7,6,5,1,1,1,4,7,6,7,9,7,5,3,3,3,1,1,1,3,5,1,male,y,y,n,democrat,5,atheist,NA,,17,Cantonese,6/18/12 21:33,6/18/12 21:45,white,infrared,1.18,5.61,168.058,5,0.999,125.277,132.494,7,0.966,77.272,103.48,23,7,8,6,5,1,2,1,4,6,6,6,9,6,5,2,2,2,1,2,1,4,5,1,2,FALSE,4.007638889,"DGHG3, DGHG4, DD1, MCCE2, SGHG1",Coder3,"MCCE2, DD2, DGHG3, DGHG4",Coder5,"DGHG3, DGHG1, DD3, DGHG2",Coder3,"MCCE2, DD3, DGHG1, DGHG3",Coder5,"DGHG3, DGHG1, DD1, MCCE2",Coder3,"MCCE2, DD2, DGHG1, DGHG3",Coder5
57,6/15/12 9:53,6/15/12 10:09,5.047,8.815,114.913,3,33.235,34.395,107.221,2,1.043,1.043,48.349,1,7,2.451,3.123,51.533,2,1,4,3,7,visible,infrared,3.395,3.395,105.517,1,4.177,4.177,63.922,1,0.943,0.943,32.168,1,8,4,7,7,8,7,6,7,8,7,8,5,3,7,9,9,9,7,9,5,6,6,0,male,y,n,n,republican,8,protestant / other christian,8,Republic of Korea,10,Korean,6/19/12 17:07,6/19/12 17:14,visible,infrared,0.82,0.82,106.534,1,2.281,2.921,65.187,2,1.326,1.326,116.071,1,8,4,7,7,8,7,6,5,7,6,7,5,4,6,8,8,9,9,9,5,6,7,0,2,FALSE,4.301388889,"MCCE2, MCCS1, DGHG2, DGHG3",Coder4,"MCCS1, DGHG2, MCCE2, DD2, DGHG3",Coder1,"DD1, DGHG1, DGHG3, MCCS1, MCCE2",Coder5,"MCCS1, DD1, DGHG1, MCCE2",Coder2,"DD2, DGHG1, DGHG3, MCCE3",Coder4,"DD2, DGHG1, DGHG3, MCCE3",Coder1
58,6/15/12 15:49,6/15/12 16:08,2.564,77.247,77.993,10,41.503,100.946,149.422,4,2.518,12.481,50.533,25,5,74.928,76.961,89.234,8,1,1,3,9,lights,infrared,4.413,8.459,46.115,5,4.85,22.626,31.645,4,2.464,2.464,31.96,1,6,6,6,7,1,1,1,6,7,7,6,6,8,6,1,1,2,1,1,2,3,5,5,male,n,n,n,none,3,atheist,1,China,6,Chinese,6/17/12 15:59,6/17/12 17:51,light,infrared,57.158,57.158,181.026,1,398.4,398.4,430.461,1,819.651,929.04,937.535,3,6,7,7,7,1,1,2,5,6,6,6,4,8,6,1,1,2,1,9,1,2,5,5,2,FALSE,2.006944444,"MCCS2, DD2, DGHG3",Coder5,"MCCS2, DD2, DGHG1",Coder2,"DD1, DGHG1, DGHG2, MCCS1",Coder4,"MCCS1, DD1, DGHG3, DGHG1, MCCE2",Coder1,"MCCE1, DD2, DGHG2, DGHG3",Coder5,"MCCE3, DD1, DGHG1",Coder2
59,6/16/12 2:08,6/16/12 2:24,5.894,60.662,147.246,2,32.589,32.589,66.731,1,11.253,12.226,67.219,2,6,0,0,20.714,0,1,1,4,7,red,green,4.88,4.88,88.075,1,14.554,58.924,59.776,3,2.229,2.229,30.855,1,6,8,8,4,2,2,1,7,8,7,8,8,8,5,2,3,3,1,2,1,3,7,3,female,y,n,n,democrat,2,atheist,9,Brazil,9,Portuguese,6/18/12 2:14,6/18/12 2:19,ultraviolet,gamma,4.744,4.744,66.872,1,4.254,15.319,35.377,7,3.119,31.253,33.939,2,5,7,7,3,3,3,3,8,7,7,7,8,8,5,3,3,3,3,3,3,3,7,5,2,FALSE,2.004166667,"MCCS3, MCCS4, DNK1, DGHG1",Coder1,"DGHG1, DNK1, MCCS3, MCCS4",Coder3,"MCCS4, DD3, DGHG1",Coder1,"DGHG1, DD3, MCCS4",Coder3,"MCCS4, DD3, DGHG1, MCCE4",Coder1,"MCCS4, MCCE4, DD3, DGHG1",Coder2
60,6/16/12 2:09,6/16/12 2:29,10,10,142.281,1,173.08,253.319,94.241,5,13.347,76.838,114.672,2,4,0,0,62.722,0,1,3,2,7,visible,infrared,5.972,5.972,70.097,1,1.181,1.181,26.404,1,2.486,2.486,30.708,1,4,7,6,8,8,7,1,5,6,3,4,5,7,1,6,7,7,5,6,1,6,1,0,male,y,y,y,republican,5,catholic,NA,,NA,,6/17/12 21:28,6/17/12 21:38,visible,infrared,3.371,3.371,67.52,1,13.711,216.572,217.245,2,2.756,2.756,34.478,1,5,7,6,7,7,7,3,5,7,5,4,7,7,3,6,6,5,5,7,4,7,1,NA,2,FALSE,1.804861111,"MCCS4, DD3, DGHG3",Coder2,,Coder4,"SGHG2, DD3, DGHG1",Coder2,,Coder4,"SGHG1, MCCE2, DD2, DGHG1",Coder2,,Coder4
61,6/16/12 12:06,6/16/12 12:51,32.152,333.007,335.081,17,1.996,246.335,248.285,7,1.279,102.133,189.759,10,5,86.019,86.019,86.69,1,1,2,2,7,infared,infared,7.66,7.66,72.54,1,1.077,75.239,75.739,2,5.288,1176,1177.092,17,5,7,6,5,7,7,1,3,7,3,7,8,8,7,7,7,5,1,5,3,2,6,0,male,y,y,y,none,2,spiritual but not religious,NA,,NA,,6/19/12 18:42,6/19/12 18:48,infared,infared,1.365,1.365,89.669,1,2.426,2.426,46.243,1,2.024,2.024,19.369,1,5,8,7,7,7,7,1,4,7,3,7,7,8,7,7,7,3,1,7,3,1,5,0,2,FALSE,3.275,"MCCS1, DD2, MCCE2, DGHG3",Coder2,"SGHG1, DD2, MCCS1, MCCS2",Coder3,"MCCE3, DD2, DGHG1",Coder2,,Coder4,"SGHG1, DGHG1, MCCE1, DD2",Coder2,,Coder4
62,6/16/12 13:16,6/16/12 15:34,3.004,3.004,85.544,1,3.874,3.874,53.7,1,2.002,3.773,11.498,3,3,0,0,86.231,0,1,6,7,7,ultraviolet,infrared,1.26,1.26,56.524,1,1.202,1.202,57.955,1,0.92,0.92,20.185,1,7,6,6,4,5,5,5,6,6,6,7,5,5,6,6,5,4,5,5,5,3,6,3,female,y,y,y,none,5,spiritual but not religious,NA,,NA,,6/17/12 17:34,6/17/12 17:39,ultraviolet,infrared,2.249,60.392,71.83,4,1.224,47.906,50.404,5,1.401,1.401,14.106,1,6,5,6,4,5,6,5,6,6,6,6,5,5,6,6,5,5,5,5,5,4,6,3,2,FALSE,1.179166667,"MCCS1, SGHG1, MCCE2, DD3, DNK1",Coder1,"DNK1, MCCS1, SGHG1, DD3",Coder3,"DD1, DGHG1, DGHG3, MCCE3",Coder1,"DGHG3, DGHG1, DD1, MCCE3",Coder3,"DD1, DGHG1, DGHG3, MCCE3",Coder1,"MCCE3, DD1, DGHG1",Coder2
63,6/16/12 15:06,6/16/12 16:12,12.258,385.187,390.469,10,13.831,13.831,147.355,1,7.983,128.264,149.829,5,5,0,0,193.176,0,1,1,5,7,full spectrum,infrared,7.709,134.205,144.755,6,13.738,132.571,141.556,2,8.214,40.017,51.071,3,6,9,9,5,1,1,1,9,9,9,9,9,9,5,1,1,1,1,1,1,3,5,0,female,y,y,y,independent,5,buddhist,NA,,NA,,6/17/12 15:17,6/17/12 15:29,full spectrum,infrared,6.304,342.692,350.125,6,13.878,13.878,19.591,1,14.551,14.551,20.485,1,6,9,9,5,1,1,1,9,9,9,9,9,9,5,1,1,1,1,1,1,6,5,NA,2,TRUE,1.007638889,"SGHG3, DNK1, MCCE2, DGHG2, MCCS1, MCCS4",Coder3,"MCCS1, MCCS4, MCCE2, DGHG2",Coder1,"DGHG1, MCCS1, MCCE1, DD1",Coder3,"MCCS1, MCCE1, DD1, DGHG1",Coder5,"DNK2, DD3, MCCS1, DGHG1, MCCE1",Coder3,"MCCS1, MCCE1, DGHG1, DD3, DNK2",Coder1
64,6/16/12 18:38,6/16/12 19:17,9.525,51.701,125.807,2,11.434,148.661,210.919,4,7.777,7.777,75.649,1,4,0,0,245.46,0,1,3,5,5,Visible,Infrared,12.198,483.026,492.6,14,8.114,8.114,133.205,1,2.836,92.857,133.774,4,6,8,7,1,9,5,5,8,9,8,9,9,5,8,5,5,9,5,5,1,2,9,4,female,y,y,y,none,2,protestant / other christian,NA,,NA,,6/18/12 14:41,6/18/12 14:56,visible,ultraviolet,1.157,1.157,195.411,1,36.793,36.793,184.802,1,17.858,17.858,134.771,1,5,9,9,2,8,5,5,9,9,9,9,8,8,9,5,5,8,5,5,3,1,8,4,2,FALSE,1.835416667,"DGHG3, DGHG4, DD2, MCCS1, DGHG2, MCCE2",Coder3,"MCCS1, DGHG2, MCCE2, DD2, DGHG3",Coder1,"DGHG3, DD1, MCCE1, DGHG1",Coder3,"DGHG3, DGHG1, MCCE1, DD2",Coder1,"SGHG1, DD1, DGHG1, MCCE3",Coder3,"MCCE3, DGHG1, DD1",Coder1
65,6/16/12 22:55,6/16/12 23:20,6.759,6.759,168.237,1,24.881,24.881,83.51,1,4.579,4.579,30.304,1,5,149.151,149.151,213.676,1,1,7,3,7,visible,infrared,5.97,5.97,75.062,1,7.991,62.579,70.131,5,2.22,2.22,25.742,1,6,7,6,6,6,7,1,6,6,4,6,7,8,5,6,7,5,4,8,1,3,6,10,female,y,n,n,none,3,buddhist,11,Myanmar,10,Burmese,6/21/12 18:41,6/21/12 18:49,visible,infrared,3.809,3.809,116.083,1,4.269,4.269,41.535,1,1.394,26.63,34.206,2,4,6,6,6,6,7,1,6,6,5,6,7,9,6,6,7,5,2,3,2,4,6,9,2,FALSE,4.823611111,"MCCS4, DD3, DGHG3",Coder1,"DGHG3, DD2, MCCS4, MCCS3",Coder3,"MCCE1, MCCS1, DD1, DGHG3, DGHG1",Coder1,"MCCE1, MCCS1, DD1, DGHG1",Coder2,"DD1, DGHG1, DGHG3, MCCE1",Coder1,"MCCE1, DD1, DGHG1",Coder2
67,6/17/12 17:04,6/17/12 17:19,4.437,4.437,209.848,1,8.299,8.299,73.92,1,7.61,7.61,61.554,1,5,0,0,23.002,0,1,2,3,7,infrared,infrared,1.54,18.286,19.266,3,3.968,3.968,23.066,1,2.17,12.441,12.931,3,4,7,6,4,7,3,3,3,7,7,6,6,9,7,4,5,6,3,6,3,2,3,0,male,y,y,y,democrat,3,protestant / other christian,NA,,NA,,6/21/12 15:23,6/21/12 15:28,UV,Infrared,1.361,1.361,32.415,1,1.127,1.127,55.218,1,4.09,4.09,11.469,1,4,7,6,4,6,4,4,3,7,7,7,8,9,7,6,6,4,2,5,3,3,7,0,2,FALSE,3.929861111,"MCCS1, MCCE3, DGHG1",Coder2,"DGHG3, DGHG1, MCCS1",Coder3,"MCCQ2, MCCE3, DGHG4",Coder2,"DGHG4, MCCQ2, SGHG1",Coder3,"MCCS1, MCCE2, DGHG2, DGHG3",Coder2,"DGHG3, DGHG2, MCCS1",Coder3
68,6/17/12 20:37,6/17/12 20:54,1.458,154.923,189.092,5,0.754,0.754,125.324,1,2.556,2.556,77.17,1,5,0,0,101.441,0,1,1,1,7,visible,infrared,3.347,3.347,50.673,1,0.788,0.788,47.974,1,0.746,0.746,36.32,1,6,5,7,1,5,7,2,5,7,7,7,4,9,7,7,5,5,1,7,1,1,6,0,female,n,n,n,none,5,spiritual but not religious,6,Seoul,12,Korean,6/22/12 18:15,6/22/12 21:47,UV,infrared,0.906,17.817,74.701,3,1.241,71.094,74.043,4,0.986,0.986,46.864,1,5,1,7,3,5,5,2,4,8,7,7,3,9,6,5,5,4,1,5,1,1,4,2,2,TRUE,4.901388889,"DGHG3, DGHG1, DD2, MCCS4, MCCE4",Coder3,"MCCS4, MCCE4, DD2, DGHG1, DGHG3",Coder5,"DGHG1, DGHG3, DD1, MCCE1",Coder3,"MCCE1, DD1, DGHG1, DGHG3",Coder1,"DGHG1, DGHG3, DD1, MCCS4",Coder3,"MCCS4, DD1, DGHG1, DGHG3",Coder5
69,6/17/12 21:09,6/17/12 21:36,7.782,7.782,155.244,1,1.221,1.221,142.657,1,11.938,11.938,103.606,1,4,0,0,107.405,0,1,5,5,4,visible,infrared,2.829,145.327,201.843,6,1.468,1.468,118.109,1,2.424,2.424,62.124,1,5,5,7,7,7,7,6,5,7,7,6,5,7,6,7,7,7,7,7,6,4,5,0,female,n,n,n,democrat,4,catholic,9,South Korea,9,Korean,6/21/12 19:20,6/21/12 19:36,Visible,Infrared,8.206,109.242,111.203,4,17.939,17.939,93.522,1,11.548,32.389,190.396,2,5,6,8,8,8,8,6,6,7,7,8,6,6,7,8,7,8,5,7,6,4,6,0,2,FALSE,3.924305556,"DGHG1, MCCS4, MCCE2",Coder3,"MCCS4, MCCE2, DGHG1",Coder1,"DGHG1, DGHG3, MCCE1, MCCS1",Coder3,"MCCE1, MCCS1, DGHG1, DGHG3",Coder5,"DGHG1, MCCE1, DD1, SGHG1",Coder3,"SGHG1, DD1, DGHG1, MCCE1",Coder1
70,6/17/12 22:44,6/17/12 23:57,10.039,369.496,375.99,23,6.569,229.092,233.817,9,4.016,94.058,101.393,3,4,0,0,562.039,0,1,5,5,5,I don't know well.,infrared,2.972,348.147,370.343,6,2.687,308.787,361.832,8,3.693,3.693,27.415,1,6,6,8,6,5,5,5,6,7,7,8,6,6,6,5,5,5,5,5,5,5,6,5,female,y,n,n,none,5,decline to state,6,South Korea,6,Korean,6/25/12 19:27,6/25/12 19:40,ultraviolet,infrared,12.782,279.478,281.024,6,2.777,179.825,221.251,5,3.262,3.262,42.691,1,5,6,7,6,5,5,5,7,7,7,7,5,6,6,5,5,5,5,5,5,3,6,5,2,TRUE,7.863194444,"MCCE3, DGHG3, MCCS1",Coder1,"DGHG3, SGHG1, MCCS2, DD2",Coder3,"DD1, MCCS1, MCCE1, DGHG2, DNK2",Coder1,"DD1, MCCS1, MCCE1, DGHG2, DNK2",Coder2,"DD1, DGHG3, DGHG1",Coder1,"DD1, DGHG3",Coder2
71,6/18/12 11:34,6/18/12 12:33,2.155,125.139,152.996,2,18.377,839.614,379.792,9,1.479,515.295,588.409,8,5,0,0,56.529,0,1,6,4,7,ultraviolet,infrared,3.623,555.134,578.657,7,200.684,357.748,358.23,7,1.82,83.283,83.877,2,7,7,6,5,3,5,5,4,6,6,7,6,7,7,5,5,3,2,4,3,6,6,5,male,y,y,y,none,3,agnostic,NA,,NA,,6/23/12 19:08,6/23/12 19:20,ultraviolet,infrared,3.596,126.082,189.998,2,73.289,73.289,134.778,1,1.194,1.194,86.884,1,7,7,6,4,3,5,3,4,6,6,6,7,7,7,5,4,4,4,5,3,4,7,3,2,FALSE,5.315277778,"DGHG3, DGHG4, DD1, MCCS2, MCCS1",Coder3,"MCCS2, MCCS1, DD2, DGHG3, DGHG4",Coder5,"DGHG1, MCCE1, MCCS1",Coder3,"MCCS1, MCCE1, DD3, DGHG1",Coder1,"DGHG3, DGHG2, DD1, MCCE3, SGHG1",Coder3,"MCCE3, DD2, DGHG2, DGHG3",Coder5
72,6/18/12 12:56,6/18/12 13:04,29.29,29.29,57.663,1,15.293,15.293,53.292,1,41.122,56.597,74.795,6,4,0,0,24.926,0,1,3,5,7,solar,infared,4.971,4.971,40.116,1,1.628,1.628,6.77,1,1.617,9.803,10.499,2,4,7,7,1,5,5,1,6,8,7,8,8,9,7,6,5,5,1,5,1,1,8,10,female,y,n,n,none,1,decline to state,11,"Beijing, China",12,Mandarin Chinese,6/21/12 15:10,6/21/12 15:23,solar,reflected,1.302,1.302,17.554,1,1.163,1.163,172.623,1,1.444,6.297,14.082,2,4,8,7,1,5,5,1,7,7,7,8,7,9,7,6,5,5,5,5,1,1,7,9,2,FALSE,3.093055556,"DGHG1, DD1, MCCS1, MCCS2",Coder3,"MCCS1, MCCS2, DD2, DGHG1",Coder5,"DNK1, MCCS1, SGHG1",Coder3,"SGHG1, DNK1, MCCS1",Coder1,"DNK1, MCCS2",Coder3,"MCCS2, DNK1",Coder5
73,6/18/12 12:45,6/18/12 13:14,1.344,144.844,152.609,6,1.187,1.187,126.687,1,25.109,25.109,157.39,1,6,38.157,41.891,90.203,4,1,2,5,7,ultra-violet,infrared,1.078,104.109,264.156,4,1.422,1.422,53.422,1,2.407,187.516,213.079,5,6,8,9,2,1,3,1,4,9,9,9,8,8,6,3,1,1,1,1,1,1,9,10,female,y,y,y,democrat,1,agnostic,NA,,NA,,6/21/12 20:02,6/21/12 20:10,UV,infrared,1.251,128.527,130.728,8,14.796,107.962,109.461,5,3.225,3.225,60.047,1,6,9,9,2,2,2,1,8,9,9,9,9,9,9,3,1,2,1,1,1,1,9,10,2,FALSE,3.303472222,"MCCE2, MCCS1, DD2, DGHG3, SGHG3",Coder5,"MCCE2, MCCS1, DD2, DGHG3",Coder2,"DD1, DGHG1, DGHG3, MCCE1",Coder4,"DD1, DGHG1, MCCE1, DGHG3",Coder1,"DD1, DGHG1, DGHG3, MCCE1",Coder4,"DD1, DGHG3, DGHG1, MCCE3",Coder1
74,6/18/12 12:16,6/18/12 20:07,66.303,245.109,248.371,5,53.101,236.661,902.445,3,15005.219,16380.139,16381.888,8,5,0,0,18.363,0,1,1,8,9,ultra violet,radiant,12.696,12.696,114.173,1,6723.925,6723.925,6733.024,1,3.576,3.576,43.384,1,6,9,9,5,2,1,1,6,9,7,8,9,9,6,2,1,1,1,1,1,2,7,5,female,y,y,y,democrat,2,atheist,NA,,NA,,6/21/12 21:09,6/21/12 21:23,UV,radient,5.072,5.072,88.329,1,9.58,9.58,70.342,1,5.402,5.402,25.4,1,4,9,8,6,1,1,1,7,9,7,9,9,9,7,2,1,1,1,1,1,3,6,5,2,TRUE,3.370138889,"MCCS1, MCCE2, DGHG3",Coder2,"DGHG3, SGHG1, DD2, MCCS1, DGHG2, MCCE2",Coder3,"MCCS1, MCCE2, DNK1, DD2, DGHG3",Coder2,"DGHG3, SGHG1, DNK1, MCCS1, MCCE2",Coder3,"SGHG1, MCCE2, DD3, DGHG2",Coder2,,Coder4
75,6/18/12 20:14,6/18/12 21:02,9.316,203.901,207.463,8,91.403,103.88,226.59,2,43.348,314.755,336.406,13,5,172.481,172.481,175.138,1,1,5,4,5,visible,visible,12.391,483.546,496.951,21,15.027,15.027,21.285,1,8.967,8.967,13.692,1,5,5,7,9,9,9,5,3,5,3,8,4,7,5,1,9,9,9,9,7,6,7,3,male,y,y,y,none,5,muslim,NA,,NA,,6/21/12 22:11,6/21/12 22:29,green,The Earth does not emit light into space,11.2,299.301,301.703,15,13.458,13.458,25.851,1,4.92,208.581,213.785,8,5,4,6,7,9,9,5,4,5,5,7,6,6,4,1,9,9,1,3,7,5,6,3,1,FALSE,3.08125,"DD2, DGHG2,",Coder2,"SGHG1, DD2, MCCQ1",Coder3,"SGHG1, MCCE2, DD3",Coder2,,Coder4,"MCCE4, DD3, DGHG3",Coder2,"DGHG3, SGHG1, DNK2, MCCE4, DGHG4",Coder3
76,6/18/12 21:42,6/18/12 22:16,2.452,345.044,397.039,3,7.374,7.374,186.878,1,2.762,2.762,51.601,1,6,0,0,89.668,0,1,2,2,7,visable,infra-red,2.483,2.483,226.276,1,4.859,101.771,105.099,2,3.252,57.606,60.095,2,8,6,7,5,3,3,2,7,7,6,6,6,7,6,3,2,2,5,4,2,3,5,0,male,n,n,y,none,5,agnostic,1,Singapore,NA,,6/25/12 17:24,6/25/12 17:41,visable,infra-red,6.968,230.529,323.485,2,7.34,7.34,266.459,1,5.222,5.222,90.249,1,7,7,8,5,3,2,2,7,7,5,7,7,7,6,4,2,2,5,4,3,3,4,0,2,TRUE,6.820833333,"MCCS1, MCCS4, DD2, MCCE4, DGHG2",Coder2,"DGHG3, DGHG2, DD2, MCCS4, MCCS1",Coder3,"MCCS1, MCCE1, DD1, DGHG1",Coder2,"DGHG3, DGHG2, DD1, MCCS1, MCCE1",Coder3,"MCCS1, DD1, MCCE1, DGHG2",Coder2,"DGHG3, DGHG2, DD1, MCCE1, MCCS1",Coder3
77,6/19/12 9:52,6/19/12 10:05,10.054,10.054,75.441,1,26.502,26.502,63.115,1,4.577,4.577,34.14,1,2,0,0,89.989,0,1,1,5,5,Visible,Infrared,5.731,51.993,53.269,2,4.024,4.024,50.86,1,2.016,2.016,36.523,1,3,6,9,7,9,9,1,4,9,6,9,2,7,7,7,9,9,9,9,6,6,9,20,female,y,n,n,none,6,spiritual but not religious,12,South Korea,10,Korean,6/23/12 10:26,6/23/12 10:36,visible,infrared,8.433,8.433,83.079,1,11.453,11.453,69.871,1,9.155,9.155,54.011,1,3,3,9,7,9,9,3,4,8,6,9,3,7,9,9,9,8,9,8,7,6,9,20,2,FALSE,4.023611111,"MCCS4, DD3, DGHG3, DGHG2",Coder3,"MCCE2, DD3, DGHG3",Coder5,"DGHG3, DGHG1, DD1",Coder3,"DD1, DGHG1, DGHG3",Coder5,"DGHG3, DGHG1, DD1, MCCE3",Coder3,"DGHG1, MCCE3, DD1, DGHG3",Coder1
78,6/19/12 10:32,6/19/12 11:07,2.476,54.695,245.406,2,7.074,15.849,147.123,2,20.375,20.375,112.018,1,4,0,0,165.779,0,1,7,5,8,energy,heat,7.319,7.319,89.896,1,1.935,1.935,87.557,1,1.766,1.766,37.477,1,7,3,8,5,9,9,5,3,6,6,8,3,5,6,9,9,8,8,9,9,3,7,3,male,n,n,n,none,5,catholic,2,Mexico,5,spanish,6/21/12 19:25,6/21/12 19:36,energy,heat,1.314,1.314,88.11,1,1.185,61.375,120.745,3,12.031,12.031,83.101,1,5,6,8,5,8,8,8,4,7,6,8,4,5,8,7,8,9,9,8,9,6,7,3,2,FALSE,2.370138889,"DD2, DGHG2, MCCE2",Coder2,"SGHG3, DGHG2, MCCE2, DD2",Coder3,"MCCE2, SGHG1, DD2, DGHG1",Coder2,,Coder4,"MCCE3, DGHG1, DD2,",Coder2,"DGHG1, DGHG3, DD2, MCCE3",Coder3
79,6/19/12 11:11,6/19/12 11:26,3.765,3.765,176.054,1,32.942,32.942,66.103,1,1.773,1.773,61.423,1,6,0,0,82.057,0,1,2,3,5,visible,infrared,4.014,4.014,51.542,1,4.25,4.25,53.977,1,2.434,2.434,35.701,1,7,9,8,5,1,2,1,8,9,9,8,9,9,8,1,1,3,1,1,1,3,8,20,female,y,y,y,democrat,4,atheist,NA,,NA,,6/22/12 18:17,6/22/12 18:23,visible light,infrared,0.993,9.766,101.72,2,0.916,0.916,26.978,1,0.937,59.136,59.466,2,6,9,8,5,1,2,1,8,9,9,9,8,8,8,2,1,3,1,1,2,2,8,20,2,FALSE,3.295833333,"MCCS1, DD2, SGHG2, SGHG3",Coder5,"MCCS1, DD2, SGHG2, SGHG2",Coder2,"DD1, DGHG1, DGHG3, MCCE4",Coder4,"DGHG1, DD1, MCCE4",Coder1,"DD1, DGHG3, SGHG2, MCCE4",Coder4,"DD1, DGHG1, DGHG3, MCCE4",Coder1
80,6/19/12 11:27,6/19/12 11:37,0.753,0.753,46.59,1,0.816,9.241,72.308,2,2.598,2.598,26.762,1,5,66.611,66.611,71.997,1,1,1,5,5,infrared,ultraviolet,1.522,1.522,36.567,1,1.014,1.014,17.18,1,0.784,0.784,18.364,1,6,8,7,2,1,2,1,4,7,7,7,9,9,7,4,1,1,1,1,1,2,7,9,female,n,n,y,none,4,agnostic,3,Curacao,NA,,6/21/12 14:57,6/21/12 15:00,short-wavelength,long-wavelength,1.125,4.542,26.383,8,1.217,1.217,39.458,1,0.838,1.447,11.58,2,6,8,6,3,3,6,1,4,6,6,6,9,9,7,6,3,1,1,4,1,2,6,5,2,FALSE,2.145833333,"MCCS1, MCCS4, MCCE2, DGHG2",Coder2,"DGHG3, DGHG2, SGHG3, MCCS1, MCCE2, MCCS4",Coder3,"MCCS1, MCCE2, DGHG2",Coder2,"DGHG3, SGHG1, DD3, MCCS1",Coder3,"SGHG3, DD3, DGHG2",Coder2,,Coder4
